000090,	760.000000,	511.045441,	-33.225152,	-73.888220,	1329.006100,	77,	121,	112
000091,	750.681824,	514.136353,	-40.946376,	-71.288224,	1328.398705,	68,	118,	107
000092,	741.437500,	495.250000,	-48.842730,	-87.364371,	1334.443855,	76,	125,	107
000093,	740.857117,	492.095245,	-49.646048,	-90.578010,	1343.080902,	73,	121,	107
000094,	738.733337,	487.466675,	-51.669305,	-94.905100,	1349.361706,	80,	128,	117
000095,	742.000000,	489.894745,	-48.580997,	-92.224535,	1340.165424,	78,	126,	114
000096,	754.125000,	500.666656,	-38.098272,	-82.494359,	1328.768063,	77,	123,	104
000097,	792.151489,	523.060608,	-6.506364,	-63.782256,	1326.389599,	69,	116,	108
000098,	820.638916,	537.611084,	17.032577,	-51.487396,	1320.424175,	66,	113,	105
000099,	828.696960,	537.484863,	23.695265,	-51.619150,	1321.130276,	71,	119,	107
000100,	833.583313,	524.222229,	27.893003,	-62.938092,	1328.898239,	82,	134,	116
000101,	826.482788,	521.655151,	21.989597,	-65.052504,	1328.536701,	80,	131,	115
000102,	801.333313,	508.533325,	1.109392,	-76.105454,	1331.290627,	75,	127,	114
000103,	786.545471,	506.045441,	-11.200226,	-78.212498,	1331.920433,	75,	119,	110
000104,	699.764709,	469.411774,	-85.225893,	-111.033730,	1360.413361,	101,	148,	125
000105,	694.105286,	468.421051,	-90.165888,	-112.035174,	1362.347698,	104,	154,	129
000106,	706.272705,	475.636353,	-79.481337,	-105.461158,	1356.810093,	95,	143,	120
000107,	683.615356,	466.230774,	-99.397408,	-114.244576,	1366.467667,	120,	171,	131
000108,	679.000000,	463.000000,	-103.708683,	-117.422228,	1371.354485,	120,	174,	142
000109,	664.909119,	453.636353,	-116.747665,	-126.489767,	1382.745171,	113,	170,	135
000110,	655.818176,	446.818176,	-125.290553,	-133.111337,	1390.361691,	102,	160,	122
000111,	649.285706,	448.500000,	-130.796952,	-131.478824,	1388.555241,	98,	158,	127
000112,	643.500000,	448.500000,	-136.416291,	-132.057943,	1394.671345,	109,	165,	135
000113,	640.799988,	444.500000,	-138.931645,	-135.702696,	1396.297836,	110,	166,	124
000114,	648.090881,	435.636353,	-132.493877,	-143.356614,	1395.506763,	109,	163,	126
000142,	884.000000,	550.000000,	52.956064,	-31.521466,	1008.686924,	188,	202,	157
000144,	309.000000,	1125.500000,	-202.064224,	216.262219,	658.457756,	97,	92,	89
000145,	322.000000,	1122.000000,	-197.721070,	215.921336,	661.827850,	101,	92,	87
000152,	884.000000,	550.000000,	65.417604,	-38.939050,	1246.049595,	188,	202,	157
000155,	772.655151,	527.689636,	-22.461559,	-59.397055,	1314.269257,	63,	105,	103
000156,	768.814819,	535.074097,	-25.404312,	-52.890440,	1303.404331,	71,	119,	108
000157,	768.366638,	540.366638,	-25.630771,	-48.317628,	1296.391869,	69,	112,	103
000158,	774.375000,	492.875000,	-20.927349,	-87.486527,	1306.683254,	75,	125,	109
000159,	771.086975,	481.391296,	-23.798798,	-97.628821,	1316.986942,	78,	125,	105
000160,	763.043457,	493.608704,	-30.364373,	-87.413615,	1314.597988,	83,	125,	114
000161,	762.039978,	499.600006,	-30.973730,	-81.922037,	1305.530548,	80,	118,	109
000162,	774.520020,	494.040009,	-20.731284,	-86.212258,	1301.808453,	71,	122,	103
000163,	785.181824,	502.727264,	-12.023571,	-78.927770,	1298.251057,	79,	125,	104
000164,	777.130432,	510.521729,	-18.598939,	-72.769234,	1301.218414,	72,	123,	104
000165,	760.161316,	526.322571,	-32.514314,	-60.131782,	1305.838871,	68,	113,	108
000166,	731.857117,	543.357117,	-55.204659,	-45.888153,	1296.209526,	72,	106,	100
000167,	700.391296,	604.782593,	-79.835428,	3.833203,	1282.384777,	54,	84,	80
000168,	689.555542,	631.222229,	-88.216673,	24.938519,	1277.987862,	49,	76,	78
000169,	697.466675,	645.933350,	-83.346976,	37.338161,	1300.603104,	53,	78,	82
000178,	772.799988,	775.599976,	-21.884554,	141.284025,	1287.326145,	30,	48,	50
000179,	785.099976,	776.799988,	-12.008862,	142.494171,	1289.540100,	41,	58,	60
000180,	789.636353,	777.090881,	-8.375227,	143.113356,	1293.016148,	38,	53,	55
000181,	798.666687,	774.333313,	-1.076754,	140.787701,	1292.124367,	24,	42,	46
000182,	846.375000,	763.000000,	37.813780,	132.908811,	1304.626369,	36,	56,	55
000183,	897.500000,	763.500000,	80.808653,	135.509895,	1326.090717,	40,	59,	61
000184,	954.500000,	751.500000,	130.692342,	128.154626,	1353.448200,	42,	61,	67
000185,	965.083313,	747.250000,	139.684642,	124.595049,	1353.834152,	38,	59,	62
000186,	991.857117,	745.428589,	165.614713,	125.536724,	1381.150436,	41,	60,	66
000187,	1022.000000,	741.833313,	194.949800,	124.551243,	1405.043602,	46,	64,	68
000188,	1039.500000,	723.500000,	209.794017,	108.181884,	1401.546669,	47,	64,	72
000189,	977.846130,	688.461548,	148.896032,	74.061625,	1339.549255,	45,	69,	71
000190,	947.090881,	689.363647,	121.926592,	74.075326,	1326.272202,	48,	69,	74
000191,	918.187500,	690.937500,	97.457932,	74.987462,	1319.367027,	49,	73,	73
000192,	845.919983,	692.440002,	37.290947,	75.069175,	1299.336624,	44,	69,	74
000193,	812.588257,	685.117676,	10.170937,	68.772553,	1292.752457,	49,	70,	73
000194,	786.142883,	678.190491,	-11.152483,	62.929262,	1287.711811,	45,	69,	74
000195,	722.846130,	669.692322,	-62.182064,	56.168439,	1289.517975,	48,	74,	76
000196,	689.500000,	655.500000,	-88.756578,	44.579096,	1285.163116,	52,	76,	78
000202,	578.750000,	587.750000,	-190.634733,	-10.554917,	1378.601456,	66,	87,	79
000203,	582.250000,	589.750000,	-186.121911,	-8.761192,	1367.600727,	65,	88,	80
000204,	580.000000,	578.000000,	-187.990222,	-18.799022,	1367.201614,	64,	90,	87
000209,	590.000000,	553.500000,	-178.089749,	-39.434159,	1356.874275,	69,	103,	88
000210,	633.500000,	563.500000,	-136.154012,	-29.847576,	1308.386898,	62,	99,	91
000211,	660.000000,	567.153870,	-114.301606,	-26.816896,	1306.304073,	61,	98,	90
000212,	688.736816,	580.315796,	-90.152094,	-15.949321,	1296.415806,	64,	96,	96
000213,	714.363647,	589.000000,	-69.303459,	-8.902038,	1294.841862,	61,	97,	95
000214,	770.666687,	602.666687,	-23.741171,	2.158306,	1294.973850,	58,	94,	86
000215,	807.451599,	611.806458,	6.002613,	9.510656,	1288.875198,	62,	97,	98
000216,	848.390259,	613.439026,	39.120207,	10.864531,	1293.490314,	63,	104,	101
000217,	951.333313,	608.333313,	124.887388,	6.877043,	1320.395470,	65,	105,	96
000219,	1061.444458,	599.611084,	223.175307,	-0.331988,	1365.798664,	60,	85,	84
000220,	1092.099976,	585.200012,	254.565464,	-12.898206,	1394.401836,	60,	85,	90
000221,	1103.285767,	577.428589,	266.296298,	-19.818547,	1404.860115,	62,	88,	89
000222,	1079.769287,	576.769226,	241.654969,	-20.065934,	1382.024288,	55,	83,	84
000223,	1072.176514,	564.529419,	234.471881,	-30.556839,	1378.351879,	57,	87,	82
000224,	1044.578979,	557.736816,	209.017476,	-36.118165,	1367.361832,	60,	91,	85
000225,	1010.000000,	560.142883,	177.185660,	-33.629093,	1349.985981,	64,	102,	97
000226,	933.500000,	570.593750,	110.443095,	-24.327470,	1323.662567,	80,	133,	116
000227,	889.142883,	576.371399,	73.126817,	-19.383313,	1312.532234,	99,	159,	139
000228,	841.634949,	571.666687,	33.929552,	-23.089656,	1303.887367,	77,	128,	111
000229,	808.460022,	561.799988,	6.891455,	-31.117374,	1303.345108,	68,	119,	109
000230,	743.555542,	543.740723,	-46.098329,	-45.947092,	1306.723976,	69,	109,	100
000231,	727.521729,	537.391296,	-59.303687,	-51.228139,	1309.163380,	73,	115,	106
000232,	684.400024,	517.150024,	-95.579182,	-68.501164,	1322.895527,	84,	125,	109
000233,	636.000000,	482.833344,	-138.688392,	-99.083263,	1353.057480,	91,	146,	121
000234,	627.571411,	472.952393,	-146.421673,	-107.885376,	1358.676529,	98,	141,	117
000235,	610.500000,	453.000000,	-163.671698,	-126.964325,	1381.924629,	97,	144,	122
000236,	599.333313,	436.666656,	-176.081250,	-143.321942,	1403.969955,	109,	149,	117
000238,	602.333313,	266.888885,	-229.711370,	-387.113336,	1859.383583,	92,	101,	103
000239,	591.818176,	272.181824,	-242.011648,	-381.089068,	1860.002136,	60,	70,	73
000240,	596.769226,	277.153839,	-233.413808,	-370.794000,	1837.625694,	55,	68,	73
000241,	584.333313,	430.000000,	-193.240263,	-152.322295,	1433.621597,	95,	127,	111
000243,	592.875000,	451.125000,	-181.304560,	-130.316072,	1400.542164,	98,	139,	112
000244,	584.571411,	408.714294,	-196.410574,	-174.399022,	1458.752155,	81,	101,	91
000245,	591.545471,	419.363647,	-186.142018,	-161.301438,	1428.739548,	100,	132,	114
000246,	599.333313,	423.888885,	-175.954873,	-154.423284,	1402.962303,	105,	149,	114
000248,	677.862061,	459.482758,	-101.531153,	-116.809549,	1330.052280,	123,	167,	134
000249,	717.346130,	459.615387,	-68.300427,	-116.005809,	1322.148418,	99,	147,	121
000250,	759.406250,	462.406250,	-33.395139,	-113.193838,	1316.267204,	77,	127,	108
000251,	838.294128,	469.000000,	31.488667,	-107.719264,	1315.655136,	77,	128,	110
000252,	884.620667,	463.862061,	69.699421,	-112.132603,	1317.870426,	77,	128,	113
000253,	930.441162,	459.411774,	107.762473,	-116.145354,	1321.821690,	69,	118,	107
000255,	1042.099976,	440.399994,	208.710494,	-137.588598,	1379.334259,	60,	92,	87
000256,	1069.500000,	429.500000,	235.435555,	-148.949025,	1397.762108,	68,	100,	97
000257,	1092.272705,	417.727264,	259.980741,	-162.134199,	1423.222828,	71,	102,	94
000258,	1078.900024,	428.899994,	246.551330,	-151.254680,	1414.421272,	64,	99,	97
000259,	1051.250000,	443.375000,	216.523854,	-134.977308,	1378.858376,	57,	93,	86
000260,	1024.352905,	431.647064,	193.914049,	-145.511820,	1382.921600,	59,	96,	91
000261,	985.714294,	440.095245,	158.596493,	-136.555635,	1366.369724,	68,	109,	102
000265,	830.653870,	422.846161,	25.795470,	-149.076336,	1346.412468,	72,	119,	109
000268,	751.833313,	393.277771,	-40.822193,	-175.201062,	1356.030750,	82,	131,	111
000269,	710.944458,	375.555542,	-76.584832,	-193.014839,	1375.947285,	122,	169,	135
000270,	693.789490,	369.052643,	-91.663264,	-199.315382,	1380.854130,	129,	181,	141
000271,	672.500000,	350.000000,	-111.878255,	-219.369128,	1403.962421,	127,	172,	141
000272,	678.200012,	341.866669,	-108.305998,	-229.535228,	1422.739029,	123,	168,	135
000274,	664.923096,	316.692322,	-122.183083,	-256.264428,	1447.271347,	98,	142,	117
000275,	676.090881,	304.636353,	-111.994720,	-266.963153,	1446.153069,	96,	138,	114
000276,	685.500000,	307.500000,	-102.526957,	-261.913841,	1432.691097,	100,	143,	115
000277,	700.333313,	298.666656,	-88.913029,	-268.820618,	1427.366066,	96,	143,	123
000278,	743.214294,	299.714294,	-49.884928,	-263.794043,	1405.562973,	90,	140,	113
000279,	792.687500,	307.625000,	-6.320584,	-252.715331,	1382.965469,	83,	126,	111
000280,	824.111084,	311.055542,	20.783352,	-249.065297,	1379.173279,	73,	119,	113
000281,	866.789490,	322.526306,	56.831793,	-236.104928,	1361.454773,	70,	109,	95
000283,	975.647034,	307.764709,	155.705400,	-259.057110,	1418.348122,	70,	105,	99
000284,	986.647034,	311.411774,	164.836056,	-254.864726,	1413.029099,	68,	102,	100
000285,	1104.314331,	176.057144,	321.736479,	-448.213812,	1691.600800,	148,	151,	128
000286,	1090.060547,	169.363632,	310.480844,	-460.953203,	1712.640190,	147,	148,	122
000287,	1067.839966,	158.600006,	288.762377,	-475.880106,	1724.984550,	150,	150,	122
000288,	942.583313,	282.083344,	127.028462,	-283.234152,	1425.451088,	71,	107,	100
000289,	890.785706,	289.000000,	80.286815,	-275.034482,	1414.968395,	71,	113,	105
000291,	837.125000,	274.937500,	32.926723,	-288.302836,	1419.064140,	73,	114,	98
000293,	739.500000,	278.500000,	-54.928154,	-291.890934,	1452.645397,	91,	135,	117
000294,	704.857117,	296.142853,	-86.029422,	-274.751550,	1446.740627,	95,	143,	119
000300,	726.666687,	589.000000,	-59.518031,	-8.927707,	1298.575592,	61,	92,	88
000303,	819.312500,	593.000000,	15.652310,	-5.673329,	1296.760941,	60,	105,	99
000304,	841.465088,	589.976746,	33.516743,	-8.101920,	1293.299770,	76,	122,	111
000305,	859.619019,	586.095215,	48.318554,	-11.269208,	1296.728611,	86,	133,	118
000306,	883.000000,	567.451599,	67.585109,	-26.503461,	1302.845478,	110,	169,	143
000307,	882.961548,	551.461548,	67.911725,	-39.733227,	1309.748459,	136,	209,	160
000308,	876.733337,	541.200012,	62.728918,	-48.068541,	1307.987785,	121,	164,	126
000309,	870.961548,	511.230774,	58.134490,	-72.723240,	1310.782909,	99,	151,	126
000312,	872.809509,	477.047607,	60.017459,	-101.350638,	1318.892765,	78,	126,	112
000313,	869.555542,	453.388885,	57.736965,	-121.699588,	1328.134918,	76,	122,	111
000314,	868.166687,	447.500000,	56.652264,	-126.740357,	1329.734898,	69,	120,	107
000315,	871.157898,	434.052643,	59.362664,	-138.439689,	1334.781742,	77,	119,	111
000316,	873.190491,	418.666656,	61.302060,	-151.879122,	1340.109825,	76,	113,	106
000320,	646.500000,	369.000000,	-136.464290,	-205.363199,	1422.429085,	126,	168,	135
000321,	626.799988,	364.299988,	-157.120936,	-213.818729,	1451.463509,	106,	147,	116
000322,	623.000000,	339.500000,	-164.122917,	-241.548135,	1483.596992,	88,	116,	104
000323,	631.909119,	345.636353,	-484.477630,	-733.136123,	4611.577988,	100,	136,	118
000324,	684.578918,	410.421051,	-98.970222,	-162.558438,	1371.953487,	134,	181,	134
000325,	735.652161,	393.043488,	-54.660398,	-175.799615,	1359.123135,	93,	148,	127
000326,	772.681824,	375.181824,	-23.294606,	-191.705727,	1364.343262,	82,	126,	111
000327,	806.200012,	368.850006,	5.256043,	-195.956748,	1356.395435,	69,	122,	106
000328,	862.000000,	349.000000,	53.277846,	-215.689346,	1374.912167,	69,	112,	103
000329,	902.333313,	354.190491,	88.286918,	-212.069398,	1380.382061,	73,	113,	107
000331,	932.285706,	358.857147,	586.520947,	-1069.165666,	7093.990326,	65,	105,	94
000332,	919.559998,	374.359985,	103.170640,	-194.709144,	1380.671024,	67,	106,	98
000333,	934.684204,	379.000000,	115.152292,	-188.950565,	1367.967892,	61,	101,	92
000334,	953.611084,	371.222229,	132.692201,	-197.622627,	1382.110691,	63,	100,	92
000335,	949.599976,	376.066681,	128.291246,	-192.036693,	1372.099113,	64,	106,	91
000336,	948.307678,	382.615387,	125.867761,	-184.492906,	1357.909584,	69,	103,	94
000337,	952.111084,	368.888885,	131.124059,	-199.224321,	1379.245281,	63,	101,	89
000338,	938.250000,	375.375000,	118.074709,	-191.844712,	1366.506577,	66,	106,	98
000339,	939.571411,	374.714294,	119.474568,	-192.846888,	1369.616508,	65,	105,	98
000340,	940.500000,	375.785706,	119.999985,	-191.499729,	1366.547871,	63,	102,	96
000341,	932.086975,	390.652161,	111.851491,	-177.276131,	1354.882908,	65,	104,	102
000342,	921.599976,	408.149994,	102.776974,	-162.152689,	1352.328873,	69,	113,	104
000343,	910.416687,	439.041656,	92.391074,	-134.681765,	1338.798714,	72,	117,	98
000344,	899.250000,	455.750000,	82.387046,	-119.741375,	1328.153896,	72,	119,	112
000345,	880.833313,	452.611115,	66.961812,	-122.096033,	1325.430012,	77,	124,	115
000346,	880.640015,	445.119995,	66.702324,	-128.110794,	1323.458576,	77,	121,	114
000347,	885.111084,	443.055542,	70.621647,	-130.226002,	1327.613640,	79,	127,	115
000348,	896.714294,	450.857147,	79.829927,	-123.105515,	1320.672226,	70,	116,	100
000349,	936.045471,	446.318176,	112.567311,	-127.160055,	1323.878670,	67,	113,	100
000350,	987.187500,	426.625000,	158.141868,	-146.472635,	1351.730156,	69,	102,	101
000351,	994.166687,	427.666656,	164.438364,	-145.947863,	1355.028439,	63,	101,	97
000352,	1013.750000,	430.625000,	181.635779,	-143.927766,	1359.612846,	61,	95,	96
000353,	1207.405396,	299.432434,	415.461365,	-306.510941,	1631.638145,	147,	154,	119
000354,	1228.731689,	305.804871,	435.507847,	-298.844920,	1625.288200,	150,	151,	126
000355,	1241.926880,	319.658539,	445.826860,	-282.815459,	1614.119911,	151,	160,	133
000356,	1268.393921,	351.727264,	467.617118,	-247.860990,	1597.346497,	140,	145,	114
000357,	1300.951172,	395.536591,	497.615382,	-203.101906,	1589.345741,	139,	143,	118
000358,	1314.016357,	427.442627,	513.442665,	-172.364782,	1598.214245,	130,	139,	114
000359,	1314.386353,	484.704559,	513.035542,	-114.992668,	1595.798302,	125,	129,	118
000360,	1316.666626,	498.242432,	514.067589,	-101.245688,	1591.951370,	128,	134,	102
000361,	1319.038452,	494.500000,	515.831017,	-104.848055,	1590.112686,	131,	134,	113
000362,	1326.500000,	508.558838,	524.218100,	-91.044848,	1593.065453,	130,	133,	113
000363,	1315.852905,	513.117676,	511.656400,	-86.175530,	1586.983871,	126,	133,	121
000364,	1323.971436,	509.200012,	513.429523,	-88.973160,	1567.809200,	130,	133,	117
000365,	1334.400024,	547.657166,	523.294031,	-51.255037,	1566.748524,	126,	135,	116
000366,	1336.633301,	560.700012,	521.831567,	-38.215993,	1555.867863,	121,	132,	119
000367,	1334.699951,	561.900024,	520.387311,	-37.080130,	1557.171822,	124,	131,	116
000368,	1343.062500,	570.375000,	523.953918,	-28.582594,	1543.701267,	127,	137,	113
000369,	1364.969727,	586.909119,	540.512715,	-12.524189,	1530.737495,	129,	133,	112
000370,	1372.794067,	601.617676,	549.279257,	1.551266,	1534.315491,	129,	135,	107
000371,	1368.217407,	634.217407,	555.068646,	33.425604,	1562.975407,	133,	137,	111
000372,	1318.363647,	637.136353,	512.084629,	36.686514,	1580.618954,	127,	140,	124
000374,	1248.763184,	681.473694,	457.434577,	83.048000,	1630.916595,	127,	138,	126
000375,	1269.542847,	704.857117,	475.795967,	106.253548,	1621.307945,	131,	137,	127
000377,	1322.130493,	757.673889,	518.477774,	156.570835,	1588.806725,	132,	144,	132
000383,	1500.763184,	856.947388,	642.693565,	235.655121,	1467.413998,	151,	155,	135
000424,	1315.914917,	558.808533,	512.495537,	-40.918459,	1589.395523,	129,	133,	117
000451,	1293.219482,	366.609741,	479.420186,	-226.860465,	1555.235195,	144,	149,	117
000455,	1596.142822,	465.142853,	668.762180,	-113.280378,	1344.004440,	156,	161,	120
000456,	1508.435913,	423.333344,	749.854622,	-186.995473,	1693.544006,	161,	164,	129
000464,	1536.157837,	335.000000,	625.810308,	-225.277411,	1360.165501,	148,	150,	116
000465,	1537.880981,	331.047607,	624.396726,	-227.588185,	1353.923988,	153,	157,	127
000466,	1541.209351,	325.883728,	629.816257,	-232.920543,	1359.543037,	154,	155,	125
000468,	1251.828613,	224.057144,	445.380396,	-370.577648,	1577.165794,	150,	155,	124
000469,	1176.913086,	198.847824,	383.274718,	-407.922906,	1627.005196,	156,	156,	126
000470,	1111.622192,	188.466660,	325.502937,	-429.864462,	1671.269608,	150,	154,	122
000471,	884.000000,	550.000000,	58.465946,	-34.801158,	1113.637066,	188,	202,	157
000472,	892.799988,	276.600006,	81.190542,	-282.942071,	1399.837112,	69,	109,	98
000473,	984.433350,	108.533333,	198.868698,	-529.933107,	1725.229836,	130,	131,	115
000474,	948.933350,	97.433334,	161.764924,	-545.866028,	1737.850380,	128,	133,	110
000475,	935.107117,	86.142860,	146.809963,	-558.366916,	1738.590431,	126,	127,	113
000476,	912.419373,	80.935486,	123.689228,	-571.099868,	1760.397339,	121,	126,	114
000477,	913.785706,	91.464287,	121.705582,	-543.931542,	1711.365509,	123,	128,	111
000478,	1048.839966,	91.320000,	246.802833,	-504.515674,	1586.901569,	139,	143,	117
000479,	1158.123657,	108.835052,	340.724391,	-467.301934,	1522.264767,	155,	156,	134
000480,	1219.441162,	124.352943,	388.950905,	-441.071055,	1483.691883,	147,	155,	118
000481,	1554.532227,	184.112900,	610.306847,	-336.392173,	1294.167328,	153,	155,	125
000482,	1540.829224,	187.536591,	610.510311,	-339.907169,	1318.544769,	158,	156,	131
000483,	1539.105225,	187.947372,	611.238936,	-340.766905,	1323.197651,	158,	156,	132
000484,	1523.630493,	200.826080,	603.483585,	-332.897674,	1334.346390,	157,	157,	119
000485,	1507.837158,	200.534882,	601.533047,	-339.472811,	1359.709454,	154,	154,	128
000486,	1444.847778,	199.282608,	566.420931,	-351.981870,	1405.406857,	165,	153,	127
000487,	1353.163940,	161.901642,	513.801081,	-406.923506,	1486.144829,	158,	157,	127
000488,	1315.650024,	148.800003,	486.934647,	-426.073710,	1510.899639,	154,	155,	130
000489,	1217.214233,	153.553574,	406.094947,	-434.548050,	1557.357979,	154,	158,	126
000490,	1140.000000,	156.977783,	347.301202,	-452.535730,	1634.358597,	152,	156,	121
000491,	1082.384644,	154.442307,	293.822951,	-463.605493,	1664.809799,	147,	151,	128
000492,	1027.685181,	129.944443,	244.614171,	-505.005404,	1718.964195,	137,	140,	120
000493,	969.333313,	120.416664,	710.432326,	-2012.076089,	6712.747192,	120,	132,	112
000494,	955.103455,	115.965515,	168.927851,	-527.176557,	1742.608261,	127,	128,	110
000495,	938.228577,	108.228569,	151.725171,	-539.787828,	1756.223488,	124,	126,	112
000496,	905.156250,	85.812500,	116.083572,	-567.619343,	1766.264153,	127,	128,	110
000497,	885.919983,	78.559998,	95.369021,	-578.785294,	1775.959778,	113,	115,	110
000498,	882.730774,	78.692307,	92.552872,	-583.199219,	1789.957809,	111,	113,	109
000499,	878.607117,	79.857140,	87.701923,	-580.323170,	1785.119247,	103,	109,	101
000500,	967.049194,	91.868851,	172.467744,	-524.613338,	1651.898956,	126,	129,	108
000501,	1139.760010,	113.906670,	327.335468,	-468.317579,	1541.490269,	153,	153,	125
000502,	1265.858276,	132.783340,	421.707159,	-422.936817,	1448.362064,	156,	156,	122
000503,	1421.515625,	163.671875,	524.732029,	-368.382279,	1350.844955,	156,	157,	127
000504,	1592.474976,	143.199997,	623.072062,	-359.152426,	1257.977009,	151,	157,	123
000505,	1583.192993,	129.122803,	636.509748,	-382.687190,	1300.337982,	150,	154,	129
000506,	1460.039551,	97.782181,	582.193576,	-442.985570,	1411.293793,	149,	153,	128
000507,	1311.447632,	81.961906,	482.548484,	-488.766547,	1509.592628,	156,	151,	121
000508,	1112.479492,	106.712326,	325.472936,	-513.799423,	1666.530800,	147,	155,	133
000509,	1035.655151,	106.103447,	252.911539,	-530.063249,	1717.163658,	138,	144,	118
000510,	974.454529,	117.636360,	190.020951,	-525.404525,	1742.766571,	130,	131,	117
000511,	932.592590,	119.037041,	147.925382,	-536.580726,	1785.021400,	124,	128,	105
000512,	775.285706,	253.000000,	-22.500582,	-315.918470,	1456.684589,	83,	126,	110
000513,	811.636353,	138.681824,	12.717274,	-504.170858,	1748.626900,	102,	94,	91
000514,	787.066650,	138.899994,	-13.942304,	-497.071280,	1724.818993,	106,	97,	90
000515,	772.612915,	142.032257,	-29.219588,	-488.610924,	1707.057953,	101,	96,	90
000516,	744.459473,	159.270264,	-57.581414,	-456.924750,	1658.793449,	107,	100,	94
000517,	704.035706,	157.071426,	-98.748373,	-455.778659,	1646.418571,	104,	98,	94
000518,	680.500000,	154.500000,	-119.574832,	-445.778975,	1601.001930,	105,	101,	93
000519,	686.700012,	144.366669,	-113.582866,	-456.770920,	1603.994751,	111,	98,	94
000520,	724.599976,	128.225006,	-76.835002,	-480.753591,	1630.450439,	108,	100,	89
000521,	847.400024,	95.900002,	51.404759,	-546.690425,	1735.180855,	108,	98,	79
000522,	898.862061,	89.586205,	107.572087,	-555.382681,	1740.964508,	122,	124,	110
000523,	901.828552,	91.657143,	111.815014,	-558.196729,	1756.914139,	124,	125,	117
000524,	851.947388,	86.315788,	57.263540,	-566.253228,	1763.739586,	103,	93,	93
000525,	802.828552,	102.228569,	3.032715,	-533.700225,	1715.486908,	105,	95,	93
000526,	735.031250,	127.843750,	-66.503320,	-483.308641,	1637.792206,	109,	100,	91
000527,	707.107117,	131.928574,	-93.873071,	-473.010412,	1616.882896,	110,	101,	94
000528,	692.500000,	132.500000,	-106.731766,	-464.159077,	1588.565826,	113,	103,	94
000529,	692.500000,	130.321426,	-106.659400,	-466.005921,	1587.488747,	113,	103,	94
000530,	716.756775,	122.648651,	-83.360420,	-478.023394,	1602.252579,	103,	93,	84
000531,	765.552612,	114.078949,	-34.941570,	-492.892076,	1622.953606,	106,	95,	89
000532,	797.535706,	91.357140,	-2.580396,	-532.606878,	1675.381851,	106,	97,	94
000533,	840.440002,	66.279999,	43.400181,	-572.787884,	1717.118835,	108,	97,	94
000534,	828.611084,	64.333336,	30.523041,	-571.463014,	1706.921196,	102,	88,	88
000535,	755.578918,	73.947365,	-45.250310,	-535.872678,	1629.867935,	111,	98,	90
000536,	678.481506,	65.407410,	-117.571167,	-517.227238,	1548.026657,	118,	105,	94
000537,	689.437500,	55.375000,	-106.560264,	-524.910199,	1542.081833,	115,	104,	101
000538,	744.510193,	35.755100,	-54.712024,	-556.336029,	1577.573299,	116,	105,	101
000539,	834.347839,	14.521739,	35.699006,	-608.509672,	1662.940407,	106,	100,	93
000540,	789.857117,	30.071428,	-10.466693,	-588.123470,	1651.079750,	115,	101,	92
000541,	743.483887,	46.612904,	-56.311069,	-551.379355,	1594.195080,	115,	100,	96
000542,	669.703674,	54.666668,	-125.962268,	-527.193843,	1546.779060,	116,	102,	96
000543,	692.611084,	54.694443,	-103.742509,	-526.789607,	1545.671749,	116,	105,	103
000544,	747.931824,	58.113636,	-52.428605,	-545.637423,	1611.075592,	114,	105,	95
000545,	800.895813,	108.354164,	0.962006,	-527.974420,	1718.226814,	102,	95,	91
000546,	677.250000,	320.125000,	-108.540332,	-247.476378,	1414.782333,	102,	155,	130
000547,	660.944458,	364.277771,	-119.563127,	-202.679349,	1375.716496,	128,	178,	131
000548,	641.846130,	377.461548,	-137.339120,	-193.249999,	1389.422798,	126,	179,	129
000551,	580.000000,	428.000000,	-195.022041,	-152.471777,	1418.342113,	99,	120,	111
000555,	566.500000,	549.000000,	-204.304776,	-44.623313,	1399.947071,	114,	107,	92
000561,	638.333313,	679.333313,	-132.137626,	64.842769,	1307.753658,	44,	62,	62
000563,	661.500000,	671.000000,	-112.962727,	57.908690,	1304.984570,	40,	64,	68
000575,	782.000000,	836.400024,	-17.315814,	227.414375,	1539.183426,	16,	23,	31
000578,	795.000000,	803.000000,	-0.559911,	22.732368,	179.171371,	4,	11,	19
000590,	969.500000,	847.666687,	166.500585,	243.284060,	1571.686935,	12,	18,	24
000598,	1169.250000,	798.750000,	383.571926,	206.458823,	1662.058449,	83,	83,	81
000601,	1126.239990,	847.799988,	327.218484,	248.543216,	1604.798889,	73,	74,	70
000606,	1254.666626,	843.083313,	470.020485,	251.292112,	1654.031181,	106,	105,	102
000607,	1238.466675,	853.666687,	446.441036,	258.280104,	1629.099083,	103,	99,	98
000608,	1208.317017,	874.439026,	409.159487,	275.005269,	1603.301239,	92,	92,	90
000614,	1360.000000,	892.878784,	288.118243,	150.685216,	823.194981,	106,	102,	98
000615,	1340.477295,	909.909119,	542.718296,	311.194106,	1606.634140,	101,	97,	94
000616,	1279.441162,	953.470581,	461.652287,	340.355637,	1540.634632,	84,	85,	80
000619,	1440.714233,	937.928589,	451.061787,	237.901181,	1126.397419,	97,	98,	91
000620,	1445.969727,	932.424255,	644.388609,	331.610592,	1596.083736,	96,	92,	91
000621,	1401.823486,	942.098022,	589.789934,	335.257720,	1568.007755,	97,	93,	91
000629,	1353.562500,	1021.062500,	514.438307,	391.303023,	1486.916637,	116,	108,	97
000634,	1299.914917,	990.234070,	465.882076,	363.668001,	1491.076374,	109,	109,	101
000635,	1316.515137,	947.303040,	487.993321,	328.125066,	1511.648464,	89,	87,	92
000636,	1375.333374,	923.515137,	570.364556,	320.721126,	1586.181736,	100,	99,	96
000637,	1381.697021,	917.757568,	582.851733,	318.388340,	1603.176117,	107,	96,	93
000638,	1386.575806,	883.696960,	602.589955,	291.442192,	1643.681717,	92,	91,	89
000641,	1341.199951,	851.500000,	559.941867,	260.209520,	1655.408478,	82,	80,	81
000643,	1229.235352,	836.117676,	444.715563,	244.633171,	1657.703400,	92,	92,	84
000645,	1214.500000,	772.214294,	449.059570,	186.572924,	1733.402443,	83,	83,	81
000646,	1199.086914,	763.434753,	433.484257,	177.521212,	1737.904167,	83,	85,	84
000647,	1183.304321,	751.565247,	421.055553,	166.492745,	1757.582283,	74,	76,	75
000648,	1185.400024,	753.039978,	420.354164,	166.920052,	1745.113182,	77,	80,	80
000649,	1191.550049,	757.650024,	425.754050,	171.421601,	1739.768600,	76,	77,	80
000650,	1207.239990,	766.520020,	441.922934,	180.701840,	1736.265373,	78,	78,	78
000651,	1228.884644,	776.615356,	461.426182,	190.016012,	1721.399689,	85,	85,	85
000655,	1465.199951,	913.640015,	671.347847,	316.538731,	1614.787483,	85,	86,	88
000657,	1480.023804,	909.619019,	681.175821,	310.143539,	1602.710533,	146,	149,	136
000660,	1338.217407,	819.847839,	565.746759,	231.092865,	1681.838608,	136,	145,	128
000661,	1316.714233,	813.095215,	541.785685,	223.434791,	1677.633476,	131,	139,	117
000662,	1266.093018,	787.651184,	496.938938,	200.069893,	1705.887604,	128,	131,	124
000664,	1198.916626,	747.944458,	435.567169,	161.536884,	1747.000313,	120,	131,	118
000670,	1049.208374,	797.333313,	254.292979,	201.359510,	1632.644844,	41,	46,	49
000672,	1017.173889,	852.043457,	213.471741,	247.746890,	1572.724915,	64,	65,	69
000674,	1065.939453,	883.212097,	256.471975,	273.129711,	1543.039799,	79,	79,	79
000675,	1126.375000,	931.843750,	306.849050,	311.990623,	1504.277229,	91,	89,	87
000677,	1111.333374,	959.333313,	282.957680,	326.582785,	1454.172039,	35,	42,	50
000678,	1041.500000,	871.000000,	212.336641,	238.274244,	1406.785202,	79,	83,	85
000684,	1031.000000,	785.500000,	1101.622710,	884.636419,	7630.287170,	43,	48,	52
000685,	1170.500000,	1036.833374,	455.166099,	536.657875,	1965.629578,	43,	50,	57
000691,	902.000000,	983.000000,	7.009286,	26.319183,	109.949589,	45,	52,	60
000697,	961.578918,	806.210510,	160.099648,	204.322634,	1585.351849,	41,	49,	53
000699,	1063.571411,	804.321411,	265.352903,	205.702429,	1610.814476,	53,	58,	62
000700,	1113.888916,	787.592590,	318.245736,	190.196401,	1622.208214,	82,	84,	83
000701,	1148.739136,	768.652161,	365.792649,	176.899333,	1678.240776,	79,	83,	83
000702,	1154.036987,	762.740723,	371.937519,	170.969087,	1680.897903,	80,	80,	81
000703,	1181.079956,	759.559998,	402.702586,	168.613496,	1690.784645,	77,	83,	81
000704,	1213.300049,	782.200012,	430.567181,	189.812089,	1666.845894,	68,	68,	70
000705,	1210.090942,	894.333313,	392.801690,	281.924351,	1532.544708,	73,	73,	75
000706,	1194.407349,	898.851868,	370.316180,	280.597414,	1502.268887,	80,	80,	82
000708,	1248.482788,	888.310364,	431.263431,	277.240777,	1538.568497,	102,	98,	89
000709,	1357.958374,	842.125000,	563.298104,	244.442166,	1615.312195,	87,	91,	90
000712,	1317.785767,	621.500000,	548.030276,	22.755842,	1693.457985,	128,	136,	123
000713,	1309.807739,	585.634644,	538.697303,	-15.179406,	1690.668106,	128,	135,	114
000714,	1261.693848,	567.489807,	487.634835,	-34.336829,	1689.898491,	125,	134,	111
000716,	913.548401,	612.322571,	95.701762,	10.385807,	1348.524666,	71,	116,	106
000717,	865.955566,	589.222229,	55.390570,	-9.051349,	1343.706322,	97,	145,	129
000718,	803.000000,	567.269226,	2.532809,	-27.633604,	1350.831699,	68,	111,	110
000719,	739.116272,	539.488342,	-51.494070,	-51.179381,	1353.243542,	69,	110,	109
000720,	753.500000,	511.000000,	-40.516921,	-77.548515,	1394.130611,	72,	120,	108
000727,	525.916687,	465.125000,	-300.904414,	-148.073527,	1756.571960,	135,	110,	90
000730,	529.250000,	443.049988,	-302.888484,	-175.580245,	1789.922714,	124,	104,	93
000731,	543.000000,	433.333344,	-293.243595,	-190.170932,	1825.641060,	109,	98,	89
000740,	494.814819,	493.222229,	-335.116627,	-117.250144,	1756.922150,	123,	101,	90
000742,	387.777771,	436.277771,	-472.558727,	-187.686065,	1834.190178,	135,	113,	94
000744,	306.615387,	406.923065,	-599.297872,	-234.524128,	1943.466759,	151,	118,	98
000746,	352.611115,	433.333344,	-527.325373,	-196.445552,	1885.877419,	139,	113,	94
000772,	502.666656,	529.266663,	-327.836335,	-77.989767,	1764.141655,	120,	100,	89
000778,	326.000000,	576.000000,	-491.731954,	-24.897820,	1659.854698,	54,	59,	65
000786,	282.799988,	477.399994,	-600.541851,	-142.355825,	1857.824707,	52,	57,	61
000787,	290.500000,	473.500000,	-593.241808,	-147.291636,	1862.977219,	63,	68,	71
000790,	423.714294,	492.285706,	-440.453199,	-126.082668,	1872.845840,	105,	91,	79
000791,	438.312500,	502.125000,	-417.403301,	-112.952060,	1846.470451,	127,	116,	100
000792,	430.388885,	500.444458,	-429.008797,	-115.554434,	1857.125092,	128,	121,	103
000796,	284.000000,	467.000000,	-609.136724,	-157.006171,	1888.796043,	59,	63,	62
000798,	447.304352,	500.347839,	-407.689057,	-115.190237,	1849.477005,	134,	109,	93
000799,	479.611115,	513.666687,	-362.852461,	-97.775723,	1812.060165,	126,	106,	96
000800,	508.736847,	520.315796,	-324.919838,	-88.892050,	1784.886742,	123,	104,	90
000801,	530.900024,	522.200012,	-298.046176,	-86.168677,	1772.106743,	124,	105,	98
000802,	516.391296,	519.652161,	-318.952550,	-90.360937,	1799.394989,	122,	104,	88
000803,	449.000000,	495.500000,	-406.525657,	-121.031143,	1853.108406,	136,	108,	97
000804,	435.263153,	485.736847,	-425.533829,	-133.309364,	1866.699600,	134,	112,	92
000805,	411.000000,	468.318176,	-462.237066,	-156.473573,	1901.232147,	136,	111,	97
000807,	413.384613,	464.230774,	-465.955577,	-163.631428,	1928.347778,	125,	109,	94
000811,	470.055542,	518.777771,	-377.766457,	-92.994542,	1831.903267,	125,	105,	95
000813,	510.500000,	527.500000,	-369.744391,	-92.595746,	2043.492317,	121,	101,	95
000819,	481.708344,	505.500000,	-359.829843,	-106.832584,	1808.805656,	125,	104,	93
000825,	322.166656,	390.944458,	-593.804512,	-259.793767,	1988.323402,	149,	116,	95
000826,	291.153839,	367.692322,	-642.916193,	-293.515761,	2021.565628,	154,	123,	96
000827,	284.500000,	361.500000,	-654.730526,	-302.916063,	2032.141304,	155,	122,	95
000829,	280.000000,	319.500000,	-674.097848,	-363.623935,	2074.147224,	81,	77,	79
000831,	394.619049,	381.666656,	-494.903628,	-266.549189,	1953.337479,	141,	108,	96
000832,	460.950012,	422.350006,	-396.483633,	-207.743158,	1871.033287,	140,	105,	85
000833,	496.500000,	419.000000,	-360.831655,	-215.191201,	1902.242661,	141,	109,	93
000838,	884.000000,	550.000000,	78.323447,	-46.621099,	1491.875172,	188,	202,	157
000843,	465.299988,	339.200012,	-414.331655,	-322.849377,	1980.671120,	39,	32,	40
000844,	425.958344,	314.916656,	-477.859721,	-364.210361,	2044.091988,	164,	150,	114
000846,	364.636353,	303.454559,	-556.025009,	-378.733232,	2043.441200,	180,	164,	127
000849,	530.000000,	363.000000,	-318.445748,	-279.524601,	1887.085915,	44,	55,	64
000850,	586.000000,	365.000000,	-255.572150,	-280.651661,	1910.819817,	45,	54,	63
000851,	590.000000,	363.500000,	-248.702363,	-280.086232,	1894.875145,	43,	52,	61
000853,	507.142853,	339.928558,	-346.366593,	-307.590441,	1892.344284,	67,	61,	67
000854,	442.142853,	300.357147,	-437.937707,	-366.696334,	1958.044815,	83,	62,	71
000858,	328.923065,	237.384613,	-599.833854,	-461.727096,	2037.319374,	71,	77,	79
000862,	349.000000,	228.000000,	-575.543268,	-474.727485,	2041.838646,	23,	28,	34
000865,	425.166656,	242.722229,	-471.467250,	-449.385763,	2012.487984,	162,	137,	116
000867,	533.000000,	295.500000,	-315.952977,	-360.328395,	1893.351173,	33,	43,	53
000868,	568.000000,	302.000000,	-275.102686,	-353.364657,	1897.259903,	65,	75,	77
000873,	622.500000,	303.500000,	-193.865761,	-323.837736,	1747.522354,	65,	65,	70
000874,	608.695679,	293.826080,	-209.234882,	-334.870972,	1749.964714,	73,	81,	76
000876,	498.600006,	224.199997,	-349.928307,	-436.307420,	1857.615471,	112,	81,	83
000877,	481.200012,	216.266663,	-373.625089,	-449.725244,	1875.157356,	31,	23,	27
000878,	466.090912,	194.909088,	-404.202962,	-490.369841,	1936.828804,	4,	2,	12
000880,	370.882355,	174.588242,	-526.960887,	-522.410001,	1964.816475,	87,	83,	84
000881,	378.647064,	171.058823,	-517.185498,	-526.499591,	1963.904190,	74,	76,	80
000884,	884.000000,	550.000000,	57.135532,	-34.009245,	1088.295841,	188,	202,	157
000886,	884.000000,	550.000000,	64.742633,	-38.537282,	1233.193016,	188,	202,	157
000887,	616.684204,	268.157898,	-199.697966,	-361.497450,	1742.985344,	161,	150,	129
000891,	318.590912,	114.727272,	-578.802772,	-583.448073,	1923.695374,	53,	52,	58
000892,	288.333344,	92.533333,	-621.684581,	-616.581525,	1944.029999,	57,	54,	61
000896,	488.000000,	173.714279,	-368.884844,	-504.007487,	1891.717148,	101,	92,	89
000900,	198.111115,	301.333344,	-791.011767,	-392.512362,	2102.744865,	172,	126,	101
000902,	292.000000,	329.799988,	-565.340977,	-300.699092,	1780.601501,	77,	76,	81
000903,	121.250000,	270.250000,	-937.442459,	-455.427847,	2209.809113,	173,	129,	100
000905,	362.000000,	355.000000,	-462.704793,	-258.818891,	1690.245819,	143,	115,	101
000907,	263.529419,	327.647064,	-668.075030,	-339.165282,	1992.504501,	155,	122,	110
000908,	220.850006,	303.450012,	-744.558969,	-381.246558,	2056.970215,	182,	132,	101
000910,	227.285721,	256.142853,	-698.498717,	-419.378002,	1951.405716,	160,	121,	111
000915,	62.250000,	383.750000,	-919.492199,	-269.522451,	1994.154549,	148,	123,	103
000922,	46.000000,	381.500000,	-943.970229,	-273.551055,	2003.119850,	149,	122,	93
000926,	132.000000,	386.000000,	-830.655687,	-266.108259,	1989.594460,	162,	130,	109
