00033,	553.142883,	369.571442,	-330.214588,	-308.238516,	1498.195972,	217,	198,	160
00034,	560.750000,	375.000000,	-322.111717,	-302.926379,	1507.900200,	208,	188,	149
00035,	565.000000,	380.000000,	-317.493449,	-297.227910,	1513.160267,	214,	196,	151
00036,	569.799988,	389.399994,	-309.366447,	-283.025943,	1505.171165,	212,	199,	149
00037,	585.333313,	388.666656,	-291.644911,	-287.116250,	1521.625481,	200,	185,	140
00038,	604.666687,	389.000000,	-266.758301,	-288.153621,	1529.535809,	199,	183,	159
00039,	652.142883,	390.857147,	-203.615092,	-288.012117,	1542.360001,	207,	191,	148
00040,	722.000000,	402.799988,	-108.356305,	-273.946984,	1555.885410,	150,	145,	141
00041,	730.166687,	407.500000,	-96.170551,	-265.100285,	1542.401657,	143,	141,	125
00042,	738.500000,	406.000000,	-84.684384,	-267.134480,	1542.219677,	132,	127,	118
00043,	748.799988,	410.000000,	-70.189366,	-260.468289,	1535.392017,	130,	130,	128
00044,	741.500000,	415.000000,	-80.266664,	-253.834750,	1536.729298,	129,	130,	123
00045,	698.000000,	420.000000,	-138.284040,	-244.030659,	1518.412991,	155,	152,	127
00046,	663.799988,	428.000000,	-182.986505,	-231.084259,	1504.734707,	177,	165,	142
00047,	608.714294,	442.857147,	-254.218702,	-208.842851,	1488.479996,	218,	205,	162
00048,	483.333344,	497.666656,	-403.258593,	-130.316215,	1426.262016,	197,	183,	145
00049,	384.000000,	520.333313,	-517.685982,	-99.140209,	1393.769951,	195,	187,	161
00050,	327.416656,	532.416687,	-576.815854,	-82.489421,	1367.026081,	200,	192,	153
00051,	205.500000,	554.750000,	-702.636021,	-53.480706,	1323.721352,	184,	179,	148
00052,	165.000000,	574.692322,	-743.791733,	-29.643530,	1311.884632,	189,	171,	138
00053,	119.333336,	595.250000,	-785.399725,	-5.480875,	1292.332516,	176,	174,	154
00054,	59.333332,	615.444458,	-840.124003,	17.518352,	1270.394497,	170,	177,	158
00055,	0.000000,	642.000000,	-889.315796,	46.689079,	1245.042114,	151,	147,	139
00057,	998.500000,	263.000000,	94.022242,	-159.624663,	530.503330,	180,	156,	151
00058,	998.000000,	260.500000,	93.555288,	-160.414245,	529.201632,	160,	146,	144
00060,	60.833332,	649.666687,	-834.967924,	56.103841,	1265.159931,	169,	161,	140
00061,	95.599998,	639.400024,	-803.066736,	44.918864,	1276.880627,	170,	171,	144
00062,	139.000000,	628.000000,	-759.340026,	32.165689,	1286.627579,	174,	173,	143
00063,	190.250000,	612.500000,	-708.523067,	14.524868,	1301.428185,	187,	173,	150
00064,	275.625000,	587.500000,	-619.567231,	-14.769183,	1323.318806,	182,	178,	138
00065,	342.250000,	567.000000,	-544.725637,	-39.270226,	1332.807674,	184,	178,	147
00066,	434.916656,	529.083313,	-444.448355,	-86.333177,	1363.475399,	195,	186,	145
00067,	485.399994,	512.599976,	-395.720646,	-109.936406,	1408.795662,	190,	181,	142
00068,	594.400024,	495.200012,	-264.070988,	-134.604278,	1438.519173,	166,	156,	139
00069,	675.714294,	476.857147,	-161.599947,	-160.113976,	1456.257095,	143,	142,	126
00070,	700.599976,	467.200012,	-130.273309,	-174.047179,	1467.867908,	137,	139,	132
00071,	720.333313,	461.111115,	-104.502553,	-182.187106,	1469.156857,	123,	127,	122
00072,	731.000000,	462.000000,	-90.465604,	-180.931209,	1468.427200,	131,	129,	127
00073,	745.000000,	472.000000,	-71.339376,	-166.026184,	1452.729111,	118,	118,	118
00074,	750.000000,	472.000000,	-65.171766,	-166.839722,	1459.847565,	110,	111,	111
00075,	741.666687,	485.000000,	-75.578020,	-148.996721,	1451.098499,	109,	114,	112
00076,	730.400024,	498.600006,	-89.505810,	-130.400744,	1440.323887,	111,	115,	121
00077,	701.250000,	518.750000,	-124.431827,	-102.380617,	1411.277428,	115,	120,	118
00078,	675.333313,	525.000000,	-156.828064,	-94.348419,	1408.936386,	130,	130,	130
00079,	645.250000,	527.500000,	-193.395735,	-90.605433,	1399.697723,	134,	138,	132
00080,	581.400024,	551.799988,	-267.987507,	-59.089673,	1373.037701,	156,	150,	142
00081,	509.799988,	554.200012,	-352.720402,	-55.667090,	1361.291637,	185,	182,	155
00082,	474.200012,	549.700012,	-397.470285,	-61.365105,	1366.380405,	192,	185,	145
00083,	389.250000,	557.250000,	-496.504839,	-51.675184,	1353.829384,	184,	180,	154
00084,	339.333344,	561.500000,	-554.556710,	-46.346817,	1348.271046,	197,	186,	154
00085,	266.833344,	577.666687,	-629.463154,	-26.366987,	1322.285938,	203,	198,	157
00086,	175.000000,	585.833313,	-727.302954,	-16.485557,	1303.326893,	176,	172,	151
00087,	119.142860,	611.857117,	-783.640665,	13.647091,	1289.077435,	185,	175,	149
00088,	33.099998,	646.200012,	-871.639108,	52.509762,	1272.963581,	170,	166,	140
00089,	0.000000,	662.000000,	-902.128506,	69.914959,	1262.979908,	129,	127,	121
00090,	899.500000,	1183.500000,	48.533292,	284.614833,	546.304393,	43,	54,	65
00091,	904.000000,	1185.000000,	50.632595,	284.808345,	545.274096,	62,	74,	82
00093,	39.333332,	702.666687,	-875.407406,	118.153167,	1288.943386,	165,	169,	143
00094,	137.166672,	669.833313,	-777.295176,	81.892530,	1313.408031,	181,	173,	141
00095,	185.250000,	653.250000,	-725.579090,	62.850080,	1321.917171,	182,	179,	149
00096,	239.166672,	637.666687,	-671.808218,	45.119984,	1341.620026,	185,	181,	146
00097,	314.714294,	614.000000,	-587.126822,	16.938013,	1355.041027,	184,	180,	150
00098,	425.166656,	576.750000,	-464.121933,	-28.788354,	1386.793823,	186,	182,	135
00099,	478.000000,	563.250000,	-404.170417,	-46.128145,	1405.810146,	183,	179,	147
00100,	554.166687,	555.000000,	-309.411492,	-56.638041,	1409.657898,	163,	151,	135
00101,	658.750000,	541.500000,	-179.887562,	-74.502105,	1426.365089,	135,	134,	129
00102,	711.400024,	529.799988,	-113.510090,	-89.936929,	1434.890919,	113,	115,	118
00103,	728.250000,	526.500000,	-91.141085,	-93.364038,	1422.690105,	103,	108,	111
00104,	824.333313,	443.166656,	30.656458,	-197.587352,	1411.038170,	100,	98,	95
00105,	729.000000,	543.000000,	-89.402851,	-71.774120,	1410.298500,	113,	118,	118
00106,	696.000000,	561.500000,	-129.180024,	-47.821451,	1391.169491,	132,	134,	127
00107,	675.500000,	565.000000,	-154.353865,	-43.392653,	1388.564892,	133,	135,	127
00108,	626.666687,	571.000000,	-213.716428,	-35.756407,	1380.937080,	138,	138,	126
00109,	585.000000,	582.000000,	-266.031785,	-22.272429,	1385.839996,	148,	149,	142
00110,	517.750000,	602.500000,	-345.210135,	3.057663,	1369.832954,	166,	162,	141
00111,	479.000000,	618.500000,	-388.135452,	22.369177,	1354.242077,	176,	169,	150
00112,	422.333344,	633.666687,	-456.160431,	40.663930,	1352.779427,	197,	190,	148
00113,	331.000000,	661.000000,	-559.864233,	72.818162,	1336.989212,	199,	185,	155
00114,	199.833328,	689.000000,	-706.156755,	104.717494,	1317.793179,	185,	178,	138
00115,	162.714279,	698.000000,	-749.673241,	115.282639,	1317.515869,	174,	180,	143
00116,	122.000000,	719.833313,	-791.647292,	139.919938,	1307.735939,	194,	179,	153
00117,	45.166668,	765.666687,	-868.731366,	190.664409,	1288.998661,	171,	173,	148
00118,	7.142857,	800.857117,	-903.046533,	228.771766,	1275.654964,	220,	229,	163
00119,	906.000000,	675.500000,	65.160388,	46.411409,	688.487120,	91,	83,	92
00120,	998.000000,	261.000000,	91.492749,	-156.646676,	517.534742,	166,	146,	142
00121,	20.000000,	815.500000,	-875.406017,	241.858970,	1256.993256,	149,	152,	151
00122,	38.000000,	808.000000,	-860.352372,	234.846842,	1264.559917,	164,	166,	160
00123,	84.666664,	801.000000,	-809.893898,	227.570379,	1268.053856,	159,	166,	159
00124,	241.500000,	748.500000,	-635.115613,	168.871385,	1273.642769,	180,	178,	149
00125,	277.750000,	733.250000,	-597.008205,	152.324257,	1280.323963,	176,	176,	151
00126,	315.571442,	718.285706,	-554.343661,	135.357278,	1281.643887,	183,	182,	157
00127,	350.333344,	715.000000,	-515.318108,	131.790031,	1283.520298,	179,	182,	156
00128,	435.799988,	693.900024,	-417.428145,	107.623591,	1283.688927,	161,	159,	142
00129,	492.000000,	665.333313,	-357.296586,	75.790161,	1299.260311,	148,	150,	127
00130,	508.500000,	651.333313,	-342.359206,	60.289648,	1315.411015,	154,	155,	146
00131,	528.000000,	643.000000,	-320.565828,	50.677686,	1319.976940,	150,	152,	157
00132,	544.200012,	637.200012,	-302.580152,	44.003072,	1324.823246,	154,	155,	143
00133,	575.000000,	625.333313,	-268.381941,	30.217794,	1335.945663,	147,	148,	125
00134,	610.599976,	607.599976,	-229.123529,	9.193944,	1354.901371,	231,	228,	173
00135,	643.500000,	602.000000,	-189.881635,	2.426602,	1358.897324,	126,	134,	119
00136,	658.500000,	605.500000,	-169.513468,	6.588863,	1341.732044,	115,	120,	119
00137,	690.250000,	588.750000,	-133.139604,	-13.647568,	1358.691177,	117,	122,	132
00138,	724.750000,	576.500000,	-91.852106,	-28.684711,	1367.101116,	95,	103,	96
00139,	725.500000,	568.000000,	-92.080299,	-39.551270,	1384.294434,	185,	184,	160
00140,	731.599976,	535.599976,	-87.185576,	-82.087006,	1427.599564,	103,	107,	116
00141,	737.400024,	523.200012,	-80.603843,	-98.887805,	1442.114048,	95,	99,	105
00142,	732.750000,	508.500000,	-87.820579,	-119.488223,	1462.588081,	103,	104,	107
00143,	724.333313,	484.333344,	-100.895035,	-154.231562,	1493.423901,	112,	114,	113
00144,	729.500000,	502.000000,	-92.180977,	-128.138096,	1464.435387,	107,	115,	118
00145,	739.000000,	494.500000,	-79.795219,	-138.006485,	1465.092545,	103,	110,	115
00146,	744.000000,	507.000000,	-72.375094,	-120.194353,	1447.501888,	99,	104,	103
00147,	714.833313,	517.833313,	-109.217771,	-105.370570,	1436.288147,	105,	109,	112
00148,	699.333313,	519.333313,	-129.390903,	-103.684106,	1439.580612,	111,	116,	114
00149,	693.000000,	517.000000,	-137.755219,	-106.856852,	1441.923790,	125,	126,	121
00150,	688.000000,	518.333313,	-144.994720,	-105.725343,	1449.947205,	125,	128,	122
00151,	612.299988,	540.900024,	-240.058501,	-75.585778,	1432.421436,	143,	140,	123
00152,	584.666687,	545.333313,	-275.168019,	-69.856929,	1431.214600,	157,	150,	133
00153,	556.000000,	548.500000,	-314.142298,	-66.304624,	1441.964645,	160,	160,	140
00154,	465.142853,	556.571411,	-432.928531,	-56.147749,	1448.020325,	180,	180,	152
00155,	422.555542,	569.888916,	-486.827565,	-38.837252,	1444.575119,	187,	185,	137
00156,	369.166656,	589.000000,	-553.722883,	-14.137605,	1439.465256,	191,	181,	143
00157,	324.666656,	593.500000,	-611.090731,	-8.356430,	1439.877148,	193,	185,	149
00158,	237.600006,	600.000000,	-743.725219,	0.000000,	1481.102791,	194,	179,	147
00159,	203.125000,	619.125000,	-786.935028,	25.214882,	1476.636200,	179,	180,	155
00160,	187.100006,	660.599976,	-814.017855,	80.485332,	1487.518291,	186,	183,	154
00161,	152.600006,	700.599976,	-840.313255,	130.576907,	1453.739281,	186,	173,	142
00162,	138.250000,	681.250000,	-854.653104,	104.934741,	1446.485043,	174,	180,	143
00163,	205.666672,	659.333313,	-794.034954,	79.269870,	1496.330643,	188,	187,	161
00164,	213.750000,	659.125000,	-796.490444,	80.328354,	1521.653385,	182,	178,	146
00166,	1203.000000,	934.000000,	207.956300,	172.350879,	577.943068,	82,	81,	88
00167,	997.500000,	259.500000,	112.669633,	-194.248152,	638.936653,	172,	158,	158
00172,	998.500000,	260.500000,	118.332376,	-202.387111,	667.668819,	160,	146,	144
00174,	1255.000000,	606.000000,	252.255565,	3.326447,	620.936775,	186,	151,	148
00177,	1078.666626,	361.000000,	169.739010,	-145.577617,	682.204733,	64,	78,	79
00178,	604.090881,	750.727295,	-321.050427,	247.007708,	1835.424919,	115,	122,	122
00179,	610.900024,	740.400024,	-308.757861,	229.241760,	1828.708878,	118,	123,	124
00180,	637.000000,	714.000000,	-259.898012,	181.769161,	1785.802288,	105,	110,	112
00181,	678.000000,	703.666687,	-188.120662,	159.851195,	1727.009354,	98,	103,	113
00182,	740.000000,	650.000000,	-86.034665,	71.695554,	1605.980415,	92,	98,	104
00183,	741.000000,	661.000000,	-84.649537,	87.519013,	1606.906471,	86,	95,	105
00184,	659.333313,	686.666687,	-217.711565,	134.135100,	1733.437805,	104,	110,	114
00185,	496.333344,	766.333313,	-525.899714,	288.061398,	1939.652138,	129,	133,	129
00186,	352.222229,	830.111084,	-800.385802,	411.314845,	2001.957569,	143,	142,	145
00187,	461.000000,	816.733337,	-397.923249,	254.404819,	1314.672680,	252,	254,	174
00188,	1137.111084,	661.333313,	203.944074,	37.105175,	677.572985,	94,	93,	99
00189,	371.111115,	820.000000,	-466.049864,	239.061849,	1217.042141,	147,	149,	145
00190,	766.000000,	712.062500,	-26.262152,	86.558894,	865.106182,	110,	119,	128
00191,	290.799988,	765.000000,	-685.859821,	222.244438,	1508.568306,	179,	181,	156
00192,	342.625000,	731.375000,	-793.603862,	227.952353,	1943.342609,	178,	178,	144
00193,	460.000000,	680.000000,	-568.724461,	133.817520,	1873.445282,	157,	160,	144
00194,	503.375000,	670.000000,	-491.668216,	116.027898,	1856.446362,	150,	151,	143
00195,	598.500000,	631.500000,	-324.278517,	50.693664,	1802.441387,	130,	136,	132
00196,	648.000000,	629.250000,	-236.130740,	45.439633,	1739.910717,	115,	121,	122
00197,	706.000000,	635.000000,	-142.114572,	52.915000,	1693.280010,	95,	100,	101
00198,	750.000000,	644.000000,	-73.246503,	64.456923,	1640.721664,	84,	89,	99
00199,	750.000000,	646.666687,	-73.446584,	68.550175,	1645.203476,	86,	93,	93
00200,	750.000000,	649.000000,	-73.474777,	72.005281,	1645.834999,	87,	94,	97
00201,	752.500000,	646.500000,	-69.533612,	68.069747,	1639.529381,	88,	95,	95
00202,	751.000000,	655.000000,	-72.164011,	81.000421,	1649.463120,	85,	91,	96
00203,	754.000000,	666.000000,	-67.941051,	97.480639,	1654.216900,	82,	94,	92
00204,	690.500000,	680.500000,	-171.184328,	125.847839,	1750.926456,	101,	111,	113
00205,	599.000000,	712.000000,	-338.679070,	188.716696,	1887.166958,	115,	120,	121
00206,	500.600006,	755.000000,	-524.932177,	271.758481,	1963.674183,	128,	135,	130
00207,	369.000000,	806.250000,	-781.694459,	374.070724,	2031.317387,	150,	148,	151
00208,	240.800003,	864.599976,	-1010.191199,	477.998141,	2023.272743,	160,	159,	148
00209,	167.000000,	879.500000,	-1091.599860,	481.993935,	1931.424713,	166,	166,	161
00210,	760.500000,	734.750000,	-30.427826,	103.801254,	862.763672,	30,	39,	51
00211,	338.399994,	826.500000,	-509.691851,	250.097926,	1236.687317,	140,	146,	147
00212,	59.636364,	863.000000,	-1123.021742,	398.931956,	1698.873730,	154,	164,	154
00213,	530.250000,	735.833313,	-243.951640,	122.842482,	1012.885399,	123,	130,	124
00214,	197.285721,	769.428589,	-801.859641,	225.410196,	1490.063877,	172,	172,	158
00215,	948.000000,	633.416687,	101.853661,	22.997378,	770.784464,	71,	72,	79
00216,	251.000000,	764.250000,	-909.551345,	272.119870,	1855.551014,	178,	180,	152
00217,	370.368408,	703.263184,	-714.143966,	171.646548,	1861.690941,	175,	177,	151
00218,	429.333344,	683.000000,	-611.019535,	136.820026,	1846.246128,	162,	164,	147
00219,	526.333313,	666.500000,	-447.821507,	108.818982,	1832.740746,	145,	145,	143
00220,	655.333313,	627.666687,	-223.108427,	42.668227,	1727.290802,	114,	120,	122
00221,	705.000000,	638.000000,	-141.887403,	56.754961,	1672.777805,	97,	102,	103
00222,	747.500000,	615.000000,	-75.243225,	21.498064,	1605.188808,	93,	102,	111
00223,	752.000000,	607.500000,	-67.937782,	10.615278,	1585.214920,	89,	95,	99
00224,	755.000000,	603.000000,	-63.137564,	4.209171,	1571.423817,	89,	95,	103
00225,	757.000000,	595.000000,	-60.079435,	-6.985981,	1564.859715,	86,	93,	100
00226,	1025.333374,	457.000000,	170.093589,	-107.943989,	845.435438,	170,	149,	135
00227,	756.000000,	571.000000,	-61.383760,	-40.457478,	1562.495708,	88,	92,	100
00228,	698.250000,	570.250000,	-148.867000,	-43.526224,	1638.634300,	160,	157,	136
00229,	614.000000,	590.799988,	-287.479837,	-14.219452,	1731.061382,	161,	157,	138
00230,	477.200012,	628.799988,	-529.243440,	47.218727,	1836.284618,	200,	180,	152
00231,	431.750000,	642.250000,	-611.216584,	70.126003,	1858.961506,	203,	187,	147
00232,	349.375000,	674.375000,	-757.684448,	125.054715,	1883.176880,	234,	212,	158
00233,	888.000000,	620.586182,	64.408520,	15.067335,	819.744797,	74,	75,	81
00234,	827.666687,	635.500000,	20.651309,	26.498347,	836.004181,	88,	88,	90
00235,	52.625000,	773.000000,	-1085.635679,	251.299512,	1626.910133,	191,	185,	161
00236,	14.833333,	778.833313,	-1119.516095,	254.986330,	1596.932278,	177,	178,	149
00237,	33.500000,	776.000000,	-1101.841831,	252.999559,	1609.997196,	190,	182,	146
00238,	205.636368,	736.545471,	-738.053540,	169.555909,	1390.764675,	281,	277,	177
00239,	724.562500,	650.812500,	-59.661949,	40.186549,	885.784693,	98,	108,	111
00240,	464.799988,	691.400024,	-368.566619,	100.498200,	1231.487465,	153,	155,	136
00241,	281.333344,	699.666687,	-844.452406,	162.269499,	1823.496342,	244,	221,	158
00242,	374.571442,	688.571411,	-692.895146,	144.256185,	1824.143085,	294,	296,	218
00243,	409.250000,	690.250000,	-648.601760,	149.805013,	1859.076061,	166,	166,	149
00244,	624.272705,	661.363647,	-232.434330,	81.165639,	1481.422958,	119,	126,	124
00245,	953.000000,	649.000000,	125.842298,	40.302435,	921.198521,	79,	80,	86
00246,	665.000000,	709.000000,	-212.052618,	171.212854,	1759.251347,	99,	111,	108
00247,	708.000000,	703.333313,	-142.325244,	159.858032,	1732.655144,	92,	101,	105
00248,	736.000000,	699.000000,	-96.678841,	149.550082,	1691.879711,	92,	97,	111
00249,	748.000000,	696.333313,	-78.108697,	144.701338,	1682.341175,	88,	95,	96
00250,	762.500000,	708.000000,	-55.731381,	160.506379,	1664.510593,	146,	154,	154
00251,	751.333313,	728.333313,	-72.626935,	191.516121,	1671.413689,	44,	56,	66
00252,	729.307678,	738.615356,	-107.565075,	210.916417,	1704.186268,	44,	53,	63
00253,	696.400024,	749.099976,	-162.499221,	233.867139,	1756.748753,	48,	58,	74
00254,	612.166687,	782.500000,	-313.267808,	304.372925,	1867.932472,	57,	70,	79
00255,	534.833313,	820.166687,	-458.629444,	380.797929,	1937.139931,	76,	85,	95
00256,	456.866669,	848.599976,	-608.765791,	441.050598,	1987.034264,	75,	86,	98
00257,	392.166656,	874.833313,	-736.612115,	496.392831,	2022.898769,	83,	92,	102
00258,	273.333344,	916.500000,	-936.193705,	562.605058,	1990.893097,	74,	83,	94
00259,	1512.285767,	516.428589,	353.163884,	-41.436184,	555.315814,	159,	138,	135
00260,	1509.000000,	516.000000,	353.532718,	-41.885400,	558.471994,	157,	139,	135
00261,	1511.428589,	515.000000,	356.094578,	-42.545435,	560.598679,	153,	134,	132
00262,	1513.000000,	513.000000,	355.544515,	-43.383412,	558.499098,	150,	133,	136
00263,	1506.000000,	515.200012,	347.417319,	-41.729440,	551.143622,	156,	137,	137
00264,	308.761902,	958.238098,	-803.455960,	585.924700,	1831.842194,	93,	105,	112
00265,	365.333344,	940.750000,	-709.998906,	556.592330,	1829.445076,	84,	93,	105
00266,	456.777771,	892.111084,	-559.633609,	476.295433,	1826.191864,	68,	79,	85
00267,	555.125000,	821.625000,	-407.182926,	368.522373,	1862.357845,	79,	90,	101
00268,	627.833313,	801.333313,	-274.834342,	321.393817,	1787.886314,	61,	73,	84
00269,	741.444458,	772.333313,	-85.595946,	251.915231,	1637.205563,	42,	53,	62
00270,	813.500000,	760.500000,	18.148541,	215.765991,	1505.656757,	19,	28,	40
00271,	807.599976,	758.700012,	10.302237,	215.127683,	1518.229275,	36,	44,	57
00272,	798.583313,	765.250000,	-1.945491,	226.932558,	1538.060303,	34,	45,	57
00273,	780.000000,	772.666687,	-27.918093,	241.026233,	1563.413219,	25,	36,	47
00274,	756.875000,	788.750000,	-61.739250,	270.221065,	1603.430958,	25,	36,	45
00275,	645.700012,	832.200012,	-241.940664,	364.087035,	1756.147537,	49,	57,	65
00276,	538.888916,	857.777771,	-439.827733,	434.212944,	1886.580429,	62,	72,	85
00277,	500.705872,	882.235291,	-506.550530,	477.678719,	1895.582104,	74,	83,	94
00278,	443.500000,	909.500000,	-607.463292,	527.376967,	1908.440075,	76,	88,	95
00279,	369.181824,	913.818176,	-750.815690,	546.911954,	1951.899014,	65,	73,	86
00280,	337.200012,	924.799988,	-807.764511,	566.901276,	1954.832058,	67,	78,	87
00281,	1497.250000,	512.250000,	336.577488,	-42.358802,	540.647955,	161,	137,	144
00282,	1504.500000,	509.000000,	340.397949,	-43.969075,	541.157846,	156,	137,	138
00283,	1500.000000,	511.500000,	342.960703,	-43.360032,	548.737125,	161,	139,	144
00284,	1485.000000,	512.000000,	342.086605,	-43.946892,	559.324083,	159,	137,	129
00285,	1492.000000,	511.333344,	344.860011,	-44.187260,	558.154931,	158,	138,	142
00286,	1495.000000,	511.333344,	345.519004,	-44.080597,	556.807604,	156,	141,	143
00287,	1499.142822,	515.285706,	344.073811,	-41.691010,	551.193056,	158,	140,	142
00288,	401.285706,	975.000000,	-622.515923,	585.490599,	1748.665257,	94,	107,	115
00289,	468.500000,	949.000000,	-515.588074,	542.806148,	1741.956692,	74,	87,	93
00290,	525.923096,	922.538452,	-429.958608,	505.982743,	1757.001896,	68,	81,	86
00291,	637.000000,	867.909119,	-246.510440,	405.168066,	1693.814068,	62,	74,	82
00292,	689.200012,	850.599976,	-161.954661,	366.298181,	1637.087002,	44,	55,	66
00293,	768.099976,	816.700012,	-44.149176,	299.909705,	1550.063915,	44,	54,	65
00294,	814.833313,	795.000000,	19.620193,	257.928736,	1481.436844,	23,	34,	45
00295,	839.714294,	785.428589,	51.072711,	238.461765,	1440.323620,	21,	30,	40
00296,	886.625000,	772.125000,	101.319503,	201.323168,	1309.989529,	21,	31,	45
00297,	853.571411,	788.000000,	67.772905,	237.837792,	1416.905994,	15,	26,	37
00298,	818.500000,	801.799988,	24.456535,	266.774513,	1480.611858,	37,	48,	59
00299,	742.777771,	832.555542,	-82.194688,	334.045538,	1608.781281,	35,	44,	52
00300,	662.571411,	853.285706,	-210.282972,	387.558886,	1713.740425,	48,	58,	72
00301,	566.555542,	883.666687,	-378.818136,	460.315428,	1817.461491,	67,	77,	91
00302,	418.799988,	930.900024,	-653.960026,	567.668892,	1921.393509,	70,	79,	91
00303,	308.538452,	949.846130,	-843.077912,	600.143686,	1921.304455,	90,	103,	110
00304,	1495.000000,	507.000000,	342.919778,	-45.887107,	552.618923,	161,	138,	140
00305,	1494.000000,	509.000000,	345.281362,	-45.274645,	557.226405,	157,	140,	143
00306,	154.000000,	984.333313,	-1016.869227,	604.979441,	1762.993088,	73,	82,	90
00307,	158.833328,	986.333313,	-1018.884940,	613.926460,	1779.804153,	85,	95,	104
00308,	1489.000000,	509.000000,	343.599121,	-45.381016,	558.535581,	166,	141,	144
00309,	1485.000000,	509.000000,	337.744850,	-44.868294,	552.225156,	169,	145,	141
00310,	1485.000000,	509.000000,	334.585937,	-44.448643,	547.060218,	169,	145,	141
00311,	391.875000,	939.250000,	-676.702871,	562.502785,	1857.046776,	76,	84,	97
00312,	529.400024,	903.799988,	-429.532842,	482.232387,	1777.815323,	62,	74,	80
00313,	633.000000,	879.000000,	-250.669476,	418.783137,	1681.136608,	56,	68,	76
00314,	692.230774,	860.461548,	-157.068159,	379.609443,	1632.342968,	50,	60,	74
00315,	735.176453,	844.588257,	-91.227198,	344.212901,	1576.193619,	48,	60,	70
00316,	774.200012,	826.266663,	-35.211155,	308.802883,	1528.547001,	39,	50,	59
00317,	839.000000,	822.000000,	48.985629,	278.841272,	1406.766777,	35,	46,	57
00318,	850.000000,	829.500000,	62.259030,	285.768949,	1394.602280,	13,	24,	30
00319,	842.571411,	834.714294,	53.315549,	293.951295,	1402.664680,	27,	38,	45
00320,	809.750000,	856.500000,	12.751305,	335.457410,	1464.765301,	28,	38,	51
00321,	749.000000,	902.812500,	-70.050998,	415.927802,	1538.374863,	62,	73,	84
00322,	537.666687,	1028.444458,	-397.447349,	649.113573,	1696.852856,	77,	88,	100
00323,	401.176483,	1078.823486,	-616.929795,	740.679681,	1732.499065,	89,	101,	113
00324,	1475.199951,	514.400024,	331.852338,	-42.071318,	550.466003,	166,	143,	143
00325,	1482.000000,	511.750000,	337.786507,	-43.709178,	554.722710,	162,	137,	138
00326,	1473.400024,	516.000000,	333.542615,	-41.606146,	554.748611,	164,	141,	140
00327,	1467.000000,	520.000000,	327.335428,	-39.260621,	549.648695,	154,	131,	133
00328,	505.153839,	1086.230713,	-410.610690,	677.137961,	1559.742107,	79,	91,	95
00329,	645.333313,	1005.888916,	-213.664138,	560.714831,	1547.222862,	63,	73,	87
00330,	727.777771,	979.222229,	-95.617668,	502.066272,	1482.809238,	59,	70,	82
00331,	784.799988,	960.200012,	-19.673970,	466.220945,	1449.659748,	38,	50,	59
00332,	826.299988,	946.700012,	33.111718,	436.495750,	1410.081406,	41,	52,	63
00333,	919.285706,	882.142883,	138.132064,	326.719607,	1296.952648,	21,	32,	43
00334,	929.799988,	892.799988,	148.935696,	335.965903,	1285.115528,	29,	41,	49
00335,	923.833313,	906.500000,	142.629812,	353.023240,	1290.003357,	25,	37,	48
00336,	855.000000,	973.846130,	68.916404,	468.438746,	1403.388596,	47,	57,	70
00337,	758.611084,	1048.500000,	-55.752326,	604.145274,	1508.679390,	60,	71,	80
00338,	613.666687,	1105.000000,	-264.508355,	716.869771,	1589.889393,	76,	87,	97
00339,	565.000000,	1150.125000,	-326.534914,	764.404339,	1556.251507,	76,	89,	101
00340,	531.666687,	1187.000000,	-372.036462,	813.858706,	1552.847958,	75,	88,	96
00341,	1477.142822,	464.857147,	326.508035,	-65.163841,	540.047073,	161,	141,	142
00342,	1478.000000,	464.000000,	327.474108,	-65.688022,	540.960178,	160,	140,	142
00344,	703.153870,	1170.000000,	-118.879164,	699.678172,	1374.806232,	66,	78,	84
00345,	893.750000,	1120.625000,	105.816979,	587.636956,	1264.160175,	46,	57,	66
00346,	945.000000,	1091.937500,	161.396776,	547.566391,	1246.650963,	42,	53,	64
00347,	1073.714233,	978.714294,	262.999463,	363.889210,	1076.156673,	8,	19,	28
00348,	1082.000000,	927.000000,	264.433191,	306.629977,	1050.231113,	101,	101,	100
00349,	1057.000000,	897.599976,	242.137053,	280.389031,	1055.227623,	117,	109,	107
00350,	860.799988,	804.099976,	76.815115,	257.861288,	1415.015564,	14,	25,	36
00351,	801.125000,	770.000000,	1.546635,	233.713745,	1539.761143,	32,	42,	57
00352,	773.428589,	750.285706,	-37.930696,	214.532882,	1598.800278,	39,	50,	61
00353,	725.000000,	692.000000,	-111.797968,	137.138840,	1669.516315,	95,	100,	107
00354,	722.799988,	688.200012,	-114.862126,	131.228489,	1666.393280,	97,	102,	104
00355,	722.200012,	680.400024,	-115.398104,	119.254651,	1661.258316,	91,	98,	101
00356,	717.666687,	673.000000,	-122.073561,	108.235289,	1660.596218,	90,	96,	100
00358,	998.000000,	261.000000,	122.768711,	-210.194914,	694.449272,	166,	146,	142
00359,	1341.000000,	524.000000,	276.919492,	-38.901814,	573.289890,	171,	148,	136
00361,	998.000000,	263.000000,	118.643290,	-201.933276,	671.113558,	180,	156,	151
00362,	998.000000,	263.000000,	116.578166,	-198.418393,	659.432049,	180,	156,	151
00390,	998.000000,	262.000000,	1754.650978,	-2995.313286,	9925.298462,	173,	150,	145
00391,	1437.000000,	555.000000,	236.275510,	-16.691363,	415.429468,	210,	192,	186
00392,	998.000000,	260.000000,	149.968677,	-257.521970,	848.307667,	160,	146,	144
00394,	998.666687,	262.666656,	155.257006,	-263.624293,	875.274305,	173,	150,	145
00395,	998.500000,	261.000000,	152.806875,	-260.964890,	862.184887,	166,	146,	142
00396,	998.500000,	262.000000,	140.850412,	-239.835966,	794.722729,	173,	150,	145
00405,	937.900024,	667.500000,	122.127734,	59.779700,	991.900206,	80,	79,	85
00406,	929.666687,	724.166687,	104.011485,	99.599688,	898.402405,	97,	91,	100
00407,	887.500000,	744.000000,	67.644974,	111.324300,	865.855665,	122,	108,	113
00408,	906.750000,	617.750000,	128.592549,	21.381899,	1349.167728,	85,	86,	92
00409,	874.000000,	691.666687,	63.209579,	78.300171,	956.685514,	138,	120,	110
00410,	877.000000,	694.666687,	65.730506,	80.811549,	956.080093,	141,	119,	116
00411,	871.500000,	702.000000,	60.159386,	85.821781,	942.356815,	148,	123,	123
00412,	874.000000,	711.000000,	61.651325,	92.476987,	933.101130,	116,	105,	101
00425,	853.000000,	643.799988,	47.701082,	39.420883,	1008.022871,	91,	91,	95
00426,	854.200012,	643.400024,	49.374041,	39.535684,	1020.275154,	92,	92,	97
00427,	943.692322,	692.615356,	121.533473,	78.333106,	947.284365,	87,	86,	96
00428,	984.000000,	715.125000,	151.837001,	95.001276,	924.225225,	90,	91,	97
00429,	1127.176514,	771.823547,	259.961805,	136.524346,	889.908686,	66,	66,	76
00430,	1174.666626,	804.666687,	293.111436,	160.116067,	876.205101,	72,	72,	82
00437,	1054.666626,	649.000000,	216.310155,	41.619892,	951.311827,	94,	94,	95
00438,	971.578918,	582.105286,	157.199242,	-16.394995,	1026.135101,	88,	89,	96
00439,	942.125000,	553.625000,	136.704158,	-44.606194,	1077.281666,	88,	88,	89
00440,	881.166687,	509.500000,	84.862406,	-94.620688,	1170.996361,	101,	100,	106
00441,	844.200012,	492.399994,	47.517576,	-115.676246,	1204.064941,	101,	98,	106
00442,	809.666687,	465.500000,	10.942107,	-152.245899,	1267.772541,	91,	90,	99
00443,	827.000000,	476.000000,	30.039845,	-137.960770,	1246.097279,	97,	96,	102
00444,	927.357117,	534.750000,	131.912218,	-67.583755,	1160.058327,	98,	96,	104
00445,	1059.857178,	566.821411,	251.739909,	-32.142175,	1085.014086,	102,	99,	103
00446,	1212.121216,	651.575745,	370.947921,	46.423029,	1008.105516,	111,	106,	107
00447,	1246.750000,	701.750000,	386.533205,	88.035263,	969.036798,	89,	88,	95
00448,	1383.500000,	781.000000,	496.344927,	153.964750,	952.710056,	82,	85,	94
00449,	1410.666626,	770.833313,	520.276608,	145.546805,	954.219170,	44,	45,	55
00450,	1389.333374,	734.666687,	501.409388,	114.575458,	952.904654,	127,	109,	116
00451,	1345.645142,	698.193542,	468.579522,	84.324921,	961.813869,	132,	114,	115
00452,	1314.000000,	676.000000,	441.606589,	65.295916,	962.255602,	153,	135,	134
00453,	1257.393921,	585.696960,	418.821009,	-13.096837,	1025.548239,	183,	169,	151
00454,	1155.178589,	529.571411,	339.193535,	-67.258902,	1069.593639,	192,	164,	152
00455,	1089.000000,	517.500000,	272.652013,	-77.833187,	1056.644478,	172,	144,	145
00456,	1039.839966,	490.799988,	234.308564,	-106.681545,	1094.169569,	180,	156,	148
00457,	941.333313,	424.666656,	154.589056,	-191.777972,	1225.045528,	184,	157,	143
00458,	910.500000,	412.000000,	124.960909,	-212.603176,	1266.572113,	164,	143,	133
00459,	899.000000,	374.500000,	120.455692,	-274.371297,	1362.731056,	172,	141,	136
00460,	903.538452,	398.076935,	123.690650,	-241.224344,	1337.991104,	169,	145,	136
00461,	947.333313,	448.333344,	160.376056,	-165.093010,	1219.148464,	166,	143,	140
00462,	1006.647034,	473.470581,	218.646104,	-133.876417,	1185.033398,	162,	139,	139
00463,	1079.000000,	529.333313,	270.652242,	-68.552320,	1086.489286,	176,	151,	142
00464,	1142.349976,	466.149994,	366.325021,	-143.223630,	1198.434505,	188,	150,	139
00465,	1177.599976,	458.933319,	419.270613,	-156.634316,	1243.599358,	173,	145,	136
00466,	1177.333374,	571.666687,	350.570578,	-26.323741,	1040.562735,	184,	150,	141
00467,	1198.599976,	570.200012,	372.151044,	-27.822622,	1045.682878,	194,	160,	136
00468,	1264.500000,	534.000000,	454.760549,	-64.616138,	1096.516285,	195,	155,	144
00469,	1271.500000,	542.500000,	462.959797,	-56.458512,	1099.713621,	188,	156,	151
00470,	1304.000000,	546.500000,	490.369615,	-52.053124,	1089.710255,	183,	149,	135
00471,	1320.666626,	532.666687,	518.896779,	-67.104434,	1116.192904,	176,	144,	139
00472,	1361.750000,	525.500000,	566.664287,	-75.151739,	1129.797955,	175,	152,	140
00473,	1388.500000,	592.000000,	570.086996,	-7.749696,	1084.957409,	165,	141,	138
00474,	1485.954590,	566.181824,	692.604874,	-34.146041,	1130.858326,	155,	134,	126
00475,	1523.000000,	572.000000,	741.295970,	-28.708558,	1148.342304,	155,	136,	140
00476,	1453.000000,	551.620667,	641.739408,	-47.545061,	1100.686274,	167,	141,	145
00477,	1402.256470,	550.666687,	589.044762,	-48.251087,	1095.430546,	160,	139,	138
00478,	1375.000000,	496.000000,	582.294664,	-105.319383,	1134.208736,	168,	147,	142
00479,	1370.535767,	440.785706,	570.388620,	-159.173232,	1119.711142,	152,	137,	143
00480,	1360.312500,	401.875000,	561.510793,	-198.548713,	1122.395248,	137,	122,	130
00481,	1297.500000,	445.000000,	490.008773,	-152.666050,	1103.135328,	167,	141,	140
00482,	1238.500000,	455.625000,	426.822961,	-140.530365,	1090.174952,	187,	156,	147
00483,	1238.550049,	468.799988,	440.037132,	-131.644899,	1123.797817,	181,	151,	136
00484,	1281.230713,	469.807678,	497.028370,	-134.466225,	1156.766930,	177,	148,	140
00485,	958.000000,	440.500000,	135.910939,	-137.201233,	963.419313,	195,	161,	147
00486,	1534.809570,	459.761902,	848.233941,	-161.885092,	1292.881927,	78,	81,	90
00487,	1594.000000,	476.000000,	908.394348,	-141.865112,	1281.362305,	90,	90,	100
00488,	1594.777832,	486.222229,	877.105845,	-125.563578,	1236.016541,	81,	85,	94
00489,	1528.750000,	461.750000,	746.576498,	-141.631836,	1147.397156,	68,	72,	79
00490,	1434.714233,	457.666656,	647.355390,	-145.168097,	1142.306252,	170,	141,	136
00491,	1396.647095,	429.470581,	573.870989,	-164.019715,	1077.245684,	158,	140,	137
00492,	1367.000000,	422.500000,	559.968675,	-175.298836,	1106.110964,	143,	133,	129
00493,	1419.800049,	399.899994,	651.318158,	-210.275504,	1176.954308,	76,	76,	89
00494,	1576.500000,	359.250000,	947.595594,	-293.797346,	1366.783085,	101,	99,	112
00496,	998.000000,	261.000000,	140.650464,	-240.810643,	795.598583,	166,	146,	142
00497,	999.000000,	264.000000,	138.708853,	-234.201882,	780.672941,	172,	156,	155
00498,	999.000000,	261.000000,	137.020156,	-233.416246,	771.168718,	164,	146,	142
00500,	1573.900024,	415.533325,	808.270301,	-192.659168,	1169.741192,	83,	82,	92
00501,	1495.043457,	384.869568,	714.854323,	-221.262308,	1151.923428,	88,	85,	101
00502,	1460.571411,	364.785706,	652.494133,	-232.338161,	1106.304960,	82,	82,	84
00503,	1435.000000,	342.000000,	641.258248,	-260.542721,	1131.038170,	89,	88,	95
00504,	1445.250000,	335.500000,	684.766621,	-280.698599,	1188.591423,	89,	88,	95
00505,	1460.500000,	338.000000,	693.044747,	-274.909498,	1175.185642,	119,	114,	117
00506,	1519.548340,	383.032257,	839.811424,	-253.231061,	1307.193336,	88,	88,	96
00507,	1566.000000,	387.500000,	896.159426,	-248.608196,	1310.311432,	103,	104,	109
00508,	998.400024,	261.799988,	143.550426,	-244.701361,	810.365210,	166,	146,	142
00511,	1561.789429,	332.631592,	856.165828,	-300.492086,	1258.754311,	105,	103,	113
00512,	1526.687500,	316.750000,	759.109551,	-295.887545,	1169.970169,	99,	97,	104
00513,	1461.599976,	282.600006,	663.270970,	-318.201647,	1122.828770,	107,	105,	113
00514,	1427.719971,	277.600006,	592.855452,	-304.493410,	1057.793503,	103,	100,	104
00515,	1397.500000,	272.000000,	591.220401,	-324.552789,	1108.229036,	67,	71,	79
00516,	1432.833374,	274.083344,	702.778799,	-361.939376,	1243.790684,	107,	104,	108
00517,	1477.520020,	294.040009,	796.849074,	-359.847575,	1317.261391,	95,	98,	108
00518,	1553.520020,	302.679993,	999.067460,	-394.206838,	1484.971237,	68,	69,	76
00519,	928.500000,	614.000000,	83.532311,	9.100797,	728.063726,	78,	78,	88
00521,	998.000000,	261.500000,	157.737820,	-269.667939,	892.254333,	166,	146,	142
00522,	1554.312500,	240.687500,	902.997418,	-430.137721,	1340.766735,	73,	74,	79
00523,	1520.473633,	235.210526,	799.197451,	-404.648855,	1242.378769,	77,	78,	86
00524,	1458.000000,	224.000000,	738.863343,	-422.207624,	1257.639732,	78,	79,	85
00525,	1439.750000,	216.375000,	724.981281,	-434.733793,	1269.213028,	95,	92,	99
00526,	1454.058838,	227.294113,	768.407295,	-437.865669,	1315.808487,	84,	86,	91
00527,	1562.071411,	246.785721,	1028.548232,	-476.724271,	1511.635265,	79,	79,	89
00530,	998.000000,	263.000000,	156.706987,	-266.718457,	886.423359,	180,	156,	151
00531,	1559.407349,	175.296295,	891.254012,	-498.439845,	1314.451981,	77,	79,	81
00532,	1499.090942,	147.545456,	800.919976,	-518.358697,	1283.138313,	68,	72,	81
00534,	1385.199951,	158.199997,	706.107185,	-533.079583,	1351.401424,	119,	132,	140
00535,	1474.818237,	168.363632,	844.378888,	-540.093025,	1401.420860,	52,	55,	66
00536,	1512.111084,	183.444443,	976.832096,	-571.406389,	1536.350117,	43,	48,	62
00538,	862.000000,	880.000000,	31.690295,	143.117461,	572.469845,	31,	42,	51
00539,	999.000000,	262.000000,	153.536505,	-260.780596,	864.125051,	168,	148,	142
00541,	1529.482788,	143.172409,	870.480339,	-545.125162,	1336.478386,	71,	71,	81
00542,	1481.000000,	120.416664,	803.963872,	-566.178681,	1322.231331,	76,	74,	87
00543,	1447.000000,	86.111115,	797.438424,	-633.376766,	1380.418911,	74,	74,	87
00544,	1444.117676,	88.235291,	857.077123,	-680.965360,	1490.296593,	67,	71,	81
00545,	1468.181763,	109.000000,	879.789897,	-646.496004,	1474.695568,	90,	87,	98
00546,	1539.409058,	131.227280,	994.882638,	-630.738589,	1506.971741,	83,	83,	94
00547,	1569.500000,	138.750000,	1047.614919,	-627.956311,	1524.793644,	80,	81,	92
00548,	1590.833374,	142.416672,	1124.001335,	-650.357296,	1591.841640,	71,	73,	85
00549,	999.000000,	264.000000,	152.363740,	-257.257370,	857.524567,	172,	156,	155
00552,	1590.000000,	75.833336,	1032.686269,	-685.189545,	1464.061546,	95,	96,	99
00553,	1521.666626,	53.000000,	912.819489,	-691.887698,	1416.662197,	98,	95,	107
00554,	1493.333374,	39.222221,	890.681027,	-720.395324,	1438.792343,	92,	92,	102
00555,	1459.000000,	30.666666,	865.309869,	-747.571676,	1470.632858,	88,	87,	94
00556,	1478.800049,	44.599998,	980.644549,	-802.371785,	1618.034496,	87,	89,	95
00557,	998.500000,	262.000000,	157.315253,	-267.871816,	887.622585,	173,	150,	145
00560,	998.000000,	261.000000,	165.781541,	-283.838094,	937.754173,	166,	146,	142
00561,	998.000000,	261.500000,	172.627790,	-295.123772,	976.480427,	166,	146,	142
00562,	1086.000000,	320.600006,	253.473455,	-247.624062,	992.623320,	89,	102,	104
00563,	1466.625000,	12.125000,	848.171070,	-747.974600,	1425.016460,	107,	104,	112
00565,	1282.593750,	138.437500,	588.497796,	-562.851289,	1365.781326,	142,	151,	141
00566,	1158.000000,	131.000000,	449.800969,	-589.264398,	1407.198563,	114,	126,	125
00567,	1185.000000,	119.000000,	506.523684,	-632.825694,	1473.523445,	123,	136,	137
00568,	1231.538452,	101.538460,	592.414389,	-684.286167,	1537.531853,	153,	161,	154
00569,	1322.000000,	107.000000,	747.922873,	-706.371602,	1604.738731,	155,	163,	154
00570,	1352.181763,	112.454544,	795.417314,	-702.308797,	1613.358955,	146,	151,	150
00571,	1393.842163,	124.736839,	847.175572,	-678.010688,	1597.792645,	117,	131,	131
00572,	1301.250000,	168.125000,	610.289428,	-525.822936,	1363.639221,	127,	142,	134
00573,	1129.625000,	267.500000,	353.160830,	-356.241110,	1199.970055,	99,	110,	118
00574,	1151.000000,	178.500000,	431.593517,	-518.281103,	1377.164497,	104,	116,	121
00575,	1172.294067,	179.411758,	476.513673,	-538.327286,	1433.531609,	111,	124,	123
00576,	1219.916626,	169.166672,	534.323249,	-548.214196,	1425.144901,	127,	135,	131
00577,	1301.869507,	140.913040,	700.570299,	-640.849255,	1563.431778,	146,	154,	149
00578,	1371.599976,	143.100006,	839.270151,	-670.858193,	1644.476223,	124,	135,	146
00579,	1410.199951,	169.000000,	807.241042,	-570.175217,	1481.661816,	57,	61,	69
00580,	1314.214233,	228.678574,	640.015829,	-462.164533,	1394.006004,	113,	124,	121
00581,	1247.324341,	240.270264,	496.648407,	-399.395213,	1243.496418,	109,	121,	121
00582,	1189.545410,	246.818176,	431.387115,	-391.117657,	1240.301018,	128,	135,	137
00583,	1171.500000,	249.500000,	438.365729,	-413.585970,	1321.587124,	111,	118,	120
00584,	1241.000000,	257.000000,	533.600712,	-415.022776,	1355.176411,	127,	134,	129
00585,	1288.074097,	249.518524,	648.954828,	-466.008435,	1489.178410,	110,	120,	123
00586,	1370.250000,	251.875000,	761.200022,	-464.695761,	1495.035553,	85,	94,	102
00587,	1416.142822,	237.071426,	801.171101,	-471.916391,	1456.337070,	86,	88,	94
00588,	1405.545410,	250.454544,	720.454772,	-415.875834,	1332.533169,	66,	66,	76
00589,	1274.633301,	312.899994,	523.077865,	-316.403543,	1234.315434,	80,	88,	96
00590,	1195.000000,	313.000000,	430.677103,	-312.922351,	1221.160393,	100,	110,	116
00591,	1131.666626,	328.000000,	350.362720,	-287.332678,	1183.134556,	88,	97,	106
00592,	1090.000000,	310.750000,	369.136640,	-368.181976,	1425.631161,	82,	96,	103
00593,	1160.000000,	337.000000,	383.357320,	-280.063820,	1192.667217,	76,	81,	95
00594,	1250.800049,	335.600006,	519.894659,	-304.924866,	1291.663609,	82,	91,	103
00595,	1339.833374,	302.416656,	675.545422,	-372.394659,	1401.563721,	70,	82,	88
00596,	1418.041626,	252.458328,	794.774353,	-446.923326,	1440.270748,	86,	87,	93
00597,	1446.199951,	249.199997,	811.815512,	-440.707046,	1407.046490,	105,	102,	109
00598,	1403.500000,	247.714279,	676.593963,	-394.953408,	1255.650768,	83,	85,	92
00599,	1160.714233,	319.000000,	370.611957,	-288.710425,	1150.731945,	105,	117,	116
00600,	1112.000000,	315.000000,	337.165655,	-307.987858,	1210.338249,	93,	104,	110
00601,	1107.500000,	277.000000,	353.398307,	-371.211880,	1287.174320,	86,	104,	104
00602,	1152.500000,	291.500000,	401.632871,	-351.499974,	1276.110115,	90,	103,	105
00603,	1197.599976,	308.200012,	451.205109,	-331.140979,	1271.000385,	107,	120,	119
00604,	1207.250000,	308.250000,	466.686907,	-334.330031,	1283.460617,	104,	116,	115
00605,	1259.000000,	301.416656,	559.721639,	-364.103613,	1365.769577,	96,	108,	107
00606,	1283.000000,	304.000000,	578.677852,	-354.634874,	1341.861687,	83,	94,	103
00607,	1270.500000,	305.000000,	541.490881,	-339.510754,	1288.989983,	86,	97,	103
00608,	1185.250000,	298.500000,	420.676332,	-329.224955,	1222.991543,	87,	98,	108
00609,	1150.666626,	287.000000,	398.058327,	-355.301153,	1271.365147,	87,	101,	102
00610,	1097.809570,	280.809509,	346.183787,	-371.037683,	1301.925392,	86,	98,	104
00611,	1023.000000,	296.000000,	277.760822,	-378.651524,	1395.031929,	90,	90,	95
00612,	1019.400024,	317.000000,	267.713597,	-345.318777,	1366.632614,	69,	72,	80
00613,	993.500000,	323.000000,	230.340256,	-329.737730,	1333.235588,	107,	92,	97
00614,	972.500000,	280.500000,	217.367704,	-402.602790,	1411.314945,	116,	104,	103
00615,	977.500000,	269.750000,	228.648923,	-425.415813,	1442.742500,	124,	109,	114
00616,	1006.500000,	246.500000,	265.797170,	-455.008714,	1441.611767,	100,	100,	106
00617,	1009.818176,	270.181824,	271.281317,	-426.433547,	1448.087482,	78,	78,	89
00618,	1027.666626,	331.666656,	268.045755,	-315.925153,	1318.644066,	89,	91,	94
00619,	978.666687,	286.000000,	197.934731,	-347.862865,	1240.784740,	117,	102,	104
00620,	916.888916,	335.777771,	142.609010,	-322.361364,	1366.443424,	74,	84,	90
00621,	869.333313,	364.333344,	83.435603,	-283.600893,	1347.806282,	152,	133,	129
00622,	876.000000,	391.000000,	86.991079,	-239.225468,	1281.973801,	160,	136,	127
00623,	847.500000,	435.500000,	52.781642,	-182.791160,	1244.535561,	97,	94,	98
00624,	881.500000,	453.500000,	87.012432,	-156.408851,	1195.753670,	112,	105,	109
00625,	919.666687,	434.277771,	130.690930,	-180.989320,	1223.179531,	153,	135,	131
00626,	992.958313,	393.500000,	226.674391,	-242.582250,	1315.700340,	157,	134,	133
00627,	986.277771,	452.000000,	190.030325,	-150.981451,	1142.562332,	176,	152,	138
00628,	965.166687,	466.833344,	165.814685,	-133.689109,	1124.394093,	163,	142,	131
00629,	957.666687,	466.666656,	156.732935,	-132.543701,	1113.367004,	148,	133,	137
00630,	995.500000,	466.666656,	197.164053,	-134.468248,	1129.533195,	161,	131,	131
00631,	1079.842163,	421.684204,	303.869715,	-193.626184,	1216.164417,	170,	135,	123
00632,	1110.000000,	415.000000,	333.948425,	-199.291802,	1206.523342,	60,	68,	81
00633,	1063.733276,	468.200012,	262.591851,	-131.229564,	1115.152693,	189,	156,	143
00634,	1047.000000,	487.000000,	237.976688,	-108.871926,	1079.084578,	182,	155,	154
00635,	1117.099976,	451.450012,	326.773432,	-153.081656,	1154.166737,	184,	148,	135
00636,	1122.529419,	453.352936,	325.413441,	-147.958366,	1130.014915,	181,	145,	135
00637,	1059.647095,	468.294128,	254.800081,	-129.247226,	1099.092178,	180,	152,	137
00638,	1034.000000,	465.500000,	227.619959,	-130.832840,	1089.463053,	184,	159,	141
00639,	988.666687,	459.666656,	182.029466,	-135.396471,	1080.598831,	166,	144,	143
00640,	918.000000,	460.000000,	117.288872,	-139.156289,	1113.250313,	118,	104,	107
00641,	906.000000,	440.000000,	108.808493,	-164.239235,	1149.674644,	120,	117,	115
00642,	887.714294,	377.857147,	102.513942,	-259.624041,	1308.972683,	162,	141,	130
00643,	927.799988,	294.799988,	165.525263,	-395.291997,	1450.612774,	75,	84,	95
00644,	926.500000,	292.000000,	173.413079,	-422.223148,	1535.356903,	73,	82,	92
00645,	849.166687,	299.000000,	69.706721,	-426.746733,	1587.894821,	132,	131,	126
00646,	822.083313,	317.000000,	31.135728,	-399.007657,	1579.111576,	138,	132,	123
00647,	876.333313,	264.000000,	114.348096,	-503.331493,	1677.771645,	133,	133,	133
00648,	915.000000,	224.500000,	175.035999,	-571.530589,	1704.698429,	115,	117,	114
00649,	843.833313,	202.000000,	62.305035,	-565.720502,	1591.977291,	163,	158,	142
00650,	748.000000,	192.500000,	-77.294685,	-605.722771,	1664.808598,	219,	196,	142
00651,	756.666687,	181.833328,	-66.394366,	-640.705966,	1716.039810,	210,	198,	151
00652,	852.153870,	166.153839,	85.658331,	-712.555721,	1839.505520,	175,	162,	141
00653,	884.000000,	161.750000,	139.636534,	-728.520368,	1861.820450,	149,	146,	134
00654,	826.000000,	160.199997,	40.200411,	-680.005388,	1731.709995,	172,	166,	150
00655,	795.000000,	161.888885,	-7.735848,	-677.832183,	1732.829914,	197,	181,	156
00656,	789.500000,	165.166672,	-17.331287,	-717.735329,	1848.670616,	198,	182,	145
00657,	854.500000,	157.375000,	90.489606,	-734.916730,	1859.602909,	166,	155,	145
00658,	952.000000,	119.500000,	256.727259,	-811.562157,	1891.674538,	109,	110,	115
00659,	963.000000,	118.750000,	279.085460,	-823.986978,	1917.642422,	97,	103,	108
00661,	1116.000000,	180.000000,	439.606413,	-584.287004,	1558.098679,	98,	113,	113
00662,	1216.142822,	149.523804,	591.952505,	-640.790850,	1593.171310,	125,	138,	130
00664,	1365.900024,	74.599998,	848.401829,	-787.683906,	1679.112930,	166,	173,	164
00665,	1350.000000,	79.111115,	791.756326,	-749.849263,	1612.303791,	171,	177,	171
00666,	1243.640015,	108.959999,	593.500777,	-656.912400,	1498.333893,	153,	159,	152
00667,	1187.047607,	104.571426,	510.579423,	-653.551755,	1477.464123,	134,	141,	136
00668,	1106.000000,	74.000000,	407.219419,	-699.991549,	1490.476303,	102,	119,	124
00669,	1087.833374,	50.500000,	387.432390,	-739.643549,	1507.553730,	94,	109,	114
00670,	1123.000000,	61.000000,	450.762308,	-752.200879,	1563.014812,	104,	121,	125
00671,	1218.125000,	60.541668,	642.448255,	-828.876657,	1720.877838,	178,	181,	174
00672,	1279.000000,	10.000000,	762.005785,	-938.587501,	1781.725426,	90,	89,	95
00673,	998.000000,	261.000000,	200.491603,	-343.265926,	1134.093914,	166,	146,	142
00674,	1189.500000,	48.000000,	507.408631,	-719.100294,	1459.044075,	174,	177,	160
00675,	1141.000000,	34.666668,	451.927536,	-749.236632,	1484.336777,	156,	167,	152
00676,	1129.000000,	12.250000,	441.078191,	-787.974793,	1501.542778,	183,	189,	181
00677,	1108.250000,	16.750000,	406.047976,	-768.296778,	1475.340576,	123,	143,	141
00678,	1109.000000,	35.000000,	421.243150,	-770.234239,	1526.836014,	103,	120,	124
00679,	1149.142822,	77.285713,	464.498442,	-695.417347,	1490.044250,	122,	133,	139
00680,	1197.000000,	75.500000,	532.080013,	-702.962133,	1501.082153,	153,	161,	153
00681,	1219.750000,	2.583333,	600.833128,	-855.146484,	1603.175945,	78,	82,	91
00682,	997.500000,	259.500000,	197.195319,	-339.974715,	1118.272190,	172,	158,	158
00685,	998.000000,	261.500000,	186.078930,	-318.119786,	1052.567682,	166,	146,	142
00687,	985.000000,	10.250000,	260.686377,	-831.025897,	1578.209419,	110,	115,	119
00688,	938.000000,	31.799999,	200.915724,	-827.248671,	1630.620365,	153,	149,	134
00689,	871.333313,	75.500000,	105.269361,	-774.025169,	1652.827816,	178,	168,	144
00690,	839.714294,	81.428574,	61.641222,	-804.883374,	1738.370762,	220,	200,	156
00691,	880.799988,	69.599998,	131.774342,	-865.013922,	1826.575317,	173,	169,	144
00692,	973.500000,	140.000000,	292.172720,	-774.636607,	1886.071739,	83,	85,	100
00693,	956.315796,	210.315796,	225.243811,	-561.516862,	1613.868046,	61,	65,	76
00694,	1009.000000,	274.500000,	275.211125,	-428.618283,	1474.815598,	79,	77,	83
00695,	1028.333374,	303.166656,	292.152717,	-379.798478,	1433.040810,	89,	90,	95
00696,	1037.500000,	307.000000,	288.782720,	-356.266682,	1361.838512,	85,	84,	94
00697,	937.000000,	279.600006,	173.965516,	-406.850732,	1422.199841,	48,	59,	59
00698,	886.500000,	412.000000,	95.354481,	-207.244421,	1234.647617,	151,	128,	123
00699,	869.299988,	444.500000,	73.220845,	-164.297885,	1183.367405,	110,	104,	106
00700,	826.863647,	436.227264,	29.541526,	-180.098276,	1231.646214,	102,	102,	105
00701,	759.000000,	381.000000,	-56.261598,	-300.519269,	1536.902199,	135,	138,	129
00702,	809.466675,	447.566681,	11.219057,	-180.650356,	1327.323971,	92,	91,	99
00703,	903.454529,	510.909088,	99.363839,	-85.568173,	1075.714140,	87,	85,	93
00704,	979.359985,	509.200012,	166.132974,	-84.103887,	1037.404919,	107,	104,	111
00707,	1205.666626,	507.333344,	388.680471,	-88.786499,	1073.103132,	182,	147,	129
00708,	1309.000000,	438.500000,	517.200083,	-164.101794,	1138.043404,	139,	114,	117
00709,	1341.684204,	406.368408,	528.763183,	-189.012816,	1093.284168,	144,	123,	127
00710,	1341.500000,	413.000000,	544.604620,	-188.072140,	1126.421375,	151,	134,	129
00711,	1280.058838,	446.352936,	495.621048,	-158.627887,	1156.307373,	181,	154,	146
00717,	966.500000,	607.000000,	120.881314,	5.082097,	813.135567,	88,	88,	88
00719,	1217.000000,	406.500000,	-87.339727,	40.528147,	-234.581521,	1,	8,	18
00720,	953.875000,	580.625000,	129.756805,	-16.338184,	944.452457,	90,	89,	95
00721,	941.333313,	584.333313,	119.178597,	-13.210854,	944.434299,	84,	85,	90
00722,	929.000000,	599.000000,	105.100730,	-0.814734,	912.502460,	86,	85,	94
00723,	926.000000,	608.500000,	102.680109,	6.926833,	912.712078,	82,	84,	89
00724,	954.714294,	541.333313,	142.311877,	-53.963768,	1030.217037,	94,	92,	97
00725,	999.000000,	262.500000,	281.730982,	-477.810082,	1585.621605,	168,	148,	142
00810,	1369.000000,	503.000000,	1214.368944,	-207.018959,	2390.321999,	174,	149,	146
00811,	1377.400024,	515.599976,	1223.145546,	-178.790283,	2372.571793,	174,	149,	144
00812,	1394.500000,	521.500000,	1238.268628,	-163.505614,	2332.818947,	172,	143,	136
00813,	1337.250000,	543.750000,	967.927393,	-101.341863,	2017.829094,	186,	142,	143
00814,	1321.400024,	539.400024,	917.145535,	-106.595693,	1970.086212,	176,	147,	139
00815,	1277.199951,	532.799988,	813.305267,	-114.530866,	1908.847427,	182,	147,	140
00816,	1237.800049,	503.100006,	775.944290,	-171.742779,	1985.055981,	196,	157,	142
00817,	1178.000000,	483.666656,	671.900105,	-206.784089,	1990.815125,	185,	151,	137
00818,	1170.333374,	483.666656,	653.917675,	-205.416079,	1977.644596,	187,	154,	140
00823,	1226.750000,	565.250000,	699.974486,	-56.998508,	1837.074223,	191,	157,	143
00824,	1249.800049,	542.400024,	775.741928,	-99.339065,	1931.593742,	183,	154,	140
00825,	1224.250000,	533.166687,	721.275595,	-113.624602,	1904.133568,	189,	155,	132
00826,	1208.500000,	483.000000,	752.296011,	-215.467891,	2062.598610,	191,	156,	142
00827,	1220.375000,	476.875000,	798.197132,	-233.786552,	2126.626911,	177,	151,	147
00828,	1191.000000,	546.000000,	633.267584,	-87.458950,	1813.963413,	198,	162,	139
00829,	1164.000000,	555.500000,	564.715135,	-69.037977,	1737.585030,	192,	164,	151
00830,	1105.000000,	497.000000,	489.775264,	-165.399515,	1798.519001,	185,	157,	147
00831,	1074.000000,	479.500000,	440.495131,	-193.721399,	1800.564041,	181,	156,	132
00832,	1048.000000,	468.000000,	394.902683,	-210.190138,	1783.431473,	168,	142,	121
00833,	978.437500,	450.187500,	267.991998,	-225.000637,	1682.107391,	171,	144,	134
00834,	928.250000,	438.375000,	186.430398,	-234.945911,	1628.086128,	173,	145,	139
00835,	910.125000,	447.750000,	158.345108,	-218.915258,	1610.411091,	123,	115,	125
00836,	1041.800049,	537.599976,	371.245535,	-95.805317,	1719.581947,	112,	106,	105
00837,	1091.400024,	587.599976,	444.208772,	-18.902537,	1707.322521,	109,	106,	112
00839,	1195.375000,	672.750000,	577.630230,	106.285423,	1636.284180,	94,	94,	94
00840,	1191.833374,	699.000000,	564.086685,	142.521249,	1612.361603,	87,	85,	92
00841,	1120.599976,	660.355530,	462.814933,	87.128642,	1616.820850,	96,	95,	102
00844,	865.000000,	539.000000,	88.373276,	-82.934921,	1522.739525,	93,	94,	96
00845,	817.666687,	506.333344,	23.668427,	-125.487161,	1500.487213,	97,	100,	106
00880,	1110.000000,	745.750000,	467.968955,	220.020888,	1690.726547,	67,	67,	77
00890,	919.142883,	562.952393,	168.850427,	-52.504221,	1587.274647,	80,	81,	88
00891,	980.000000,	573.000000,	262.125893,	-39.318884,	1631.005554,	98,	96,	104
00897,	1074.000000,	581.500000,	392.201330,	-26.480747,	1603.158722,	97,	97,	100
00898,	1013.500000,	531.000000,	307.876245,	-99.500988,	1615.088501,	102,	99,	103
00899,	970.555542,	513.888916,	244.675767,	-123.533339,	1606.730900,	94,	93,	98
00901,	940.000000,	496.000000,	198.630648,	-147.554195,	1589.045181,	104,	102,	106
00902,	907.000000,	449.500000,	151.087705,	-212.511212,	1581.478786,	114,	109,	113
00904,	1076.666626,	488.500000,	437.068407,	-176.143860,	1769.337425,	183,	143,	137
00905,	1144.500000,	543.500000,	529.351881,	-86.816782,	1720.969830,	199,	156,	131
00911,	907.333313,	439.000000,	150.739505,	-226.109301,	1572.934265,	124,	117,	121
00926,	598.799988,	175.399994,	-168.232669,	-355.027773,	936.483984,	215,	205,	161
00927,	656.750000,	112.916664,	-129.379938,	-439.921903,	1011.556931,	219,	199,	155
00928,	751.692322,	238.615387,	-53.856698,	-402.896243,	1248.652477,	209,	191,	146
00934,	544.500000,	60.000000,	-179.909021,	-380.238243,	788.642282,	229,	213,	176
00935,	780.250000,	71.750000,	-20.160541,	-539.230670,	1143.281307,	222,	213,	154
00936,	872.500000,	141.000000,	90.638621,	-573.836234,	1400.210419,	163,	159,	146
00939,	864.416687,	226.750000,	83.852576,	-485.867488,	1457.927895,	145,	146,	136
00940,	870.714294,	85.857140,	86.303550,	-627.487788,	1366.908588,	180,	177,	152
00941,	946.000000,	5.200000,	188.056109,	-766.135419,	1442.622204,	156,	157,	148
00943,	919.500000,	30.333334,	150.581865,	-717.836589,	1411.311207,	196,	190,	151
00944,	828.333313,	52.333332,	31.690702,	-612.563097,	1252.715721,	213,	204,	151
00945,	734.250000,	69.000000,	-64.117284,	-517.814108,	1092.187948,	224,	214,	168
00946,	726.090881,	101.363640,	-70.142763,	-473.226199,	1062.925596,	214,	204,	157
00947,	751.799988,	185.199997,	-50.113037,	-431.263110,	1164.452019,	210,	198,	148
00949,	952.500000,	269.000000,	232.846477,	-505.391370,	1710.085602,	116,	102,	107
00950,	922.000000,	199.500000,	173.607757,	-569.917268,	1593.776131,	114,	115,	115
00952,	794.375000,	153.375000,	-6.379461,	-506.529214,	1270.221596,	199,	187,	141
00953,	675.500000,	168.500000,	-111.799664,	-387.482371,	1005.747986,	232,	217,	156
00956,	704.200012,	254.800003,	-95.473397,	-344.023195,	1116.181822,	224,	206,	152
00957,	732.200012,	249.600006,	-70.889360,	-366.366307,	1171.033878,	205,	189,	142
00958,	782.299988,	231.100006,	-19.915599,	-415.076786,	1260.195198,	181,	164,	153
00959,	847.833313,	220.666672,	60.222127,	-477.580529,	1410.079670,	148,	142,	137
00960,	751.142883,	171.142853,	-51.421213,	-451.364227,	1178.779316,	220,	211,	162
00972,	855.333313,	138.500000,	65.936539,	-549.934772,	1334.619598,	164,	156,	144
00973,	717.900024,	222.800003,	-85.195277,	-391.421059,	1162.225800,	213,	198,	164
00986,	1009.250000,	142.750000,	329.365836,	-719.725346,	1762.913914,	63,	71,	79
00987,	990.923096,	208.538467,	285.773201,	-585.938644,	1676.413136,	99,	100,	105
00989,	1092.625000,	412.250000,	495.943646,	-318.200494,	1898.186703,	59,	73,	81
00990,	1090.736816,	467.421051,	451.098366,	-205.705449,	1737.757797,	167,	145,	142
00995,	1236.166626,	472.833344,	773.602019,	-225.547707,	1986.475372,	182,	145,	142
00996,	1207.000000,	493.666656,	682.173531,	-178.225534,	1877.234287,	203,	162,	155
00997,	1201.199951,	496.200012,	663.698995,	-171.714746,	1852.799015,	182,	154,	138
00998,	1219.500000,	472.000000,	739.213494,	-225.552628,	1973.585491,	175,	152,	150
00999,	1264.214233,	407.071442,	955.274352,	-397.014332,	2304.770508,	104,	99,	103
01000,	1259.400024,	286.399994,	837.824122,	-571.923456,	2042.583733,	94,	107,	107
01002,	1125.541626,	851.916687,	504.026445,	390.035136,	1734.062786,	104,	101,	108
01058,	832.000000,	282.000000,	59.743931,	-593.705312,	2091.037579,	142,	143,	132
01063,	743.833313,	324.166656,	-82.229428,	-403.826884,	1639.707890,	164,	160,	137
01064,	688.166687,	272.500000,	-150.474441,	-440.659212,	1506.987228,	220,	205,	145
01065,	701.888916,	266.000000,	-134.519400,	-457.944994,	1535.623932,	213,	195,	140
01066,	742.272705,	280.000000,	-85.415691,	-473.485222,	1657.198277,	171,	162,	141
01067,	779.833313,	300.750000,	-31.598038,	-468.877849,	1754.864464,	158,	154,	131
01068,	889.000000,	324.000000,	153.382218,	-475.657215,	1930.203190,	93,	102,	109
01069,	895.500000,	326.500000,	160.572306,	-459.858906,	1883.151646,	91,	96,	101
01070,	883.888916,	207.555557,	159.259994,	-745.041241,	2126.278439,	136,	136,	131
01071,	887.000000,	203.000000,	177.778459,	-811.241935,	2288.642235,	136,	136,	136
01072,	889.333313,	234.666672,	186.781098,	-763.851189,	2341.733704,	134,	133,	125
01073,	873.000000,	297.000000,	122.958421,	-510.361666,	1886.485367,	115,	116,	114
01074,	730.888916,	402.166656,	-88.565729,	-253.523072,	1435.277977,	138,	133,	129
01075,	706.750000,	433.000000,	-107.954686,	-193.334397,	1296.613922,	140,	145,	127
01076,	602.500000,	458.000000,	-193.756071,	-139.308163,	1098.768606,	197,	187,	150
01077,	606.833313,	476.666656,	-181.347196,	-115.786818,	1051.469393,	180,	169,	144
01078,	656.000000,	491.799988,	-142.416844,	-107.010447,	1107.686567,	144,	144,	138
01079,	682.750000,	503.750000,	-117.295244,	-96.287141,	1120.432186,	125,	128,	126
01080,	762.200012,	520.400024,	-40.639288,	-85.579030,	1204.127426,	87,	93,	98
01081,	813.666687,	550.666687,	14.418975,	-52.048883,	1181.650810,	83,	91,	103
01119,	1115.714233,	323.214294,	386.011674,	-338.415258,	1369.381008,	52,	63,	73
01120,	1101.500000,	253.638885,	383.719251,	-440.814022,	1425.424747,	97,	109,	111
01121,	852.000000,	283.714294,	91.700802,	-557.762557,	1975.094204,	139,	140,	132
01122,	790.583313,	417.333344,	-11.970036,	-232.197002,	1423.689728,	113,	111,	116
01123,	854.923096,	532.153870,	59.836615,	-73.915768,	1220.197220,	103,	100,	109
01124,	1013.000000,	698.000000,	172.524884,	79.377646,	907.173100,	77,	77,	87
